id, path_hash
0,1996aa8d0bb48a5197fbf6c3779cb5a1eafcc4e57392684a22f314a7044239e342c47a7b3929c41bc1cf68acf6962be8563758372cb29f5f7754c2a94b613acec816b622c7b846b022b866e215ca417825b1a27bc667695812d9865352aa18c7c50cd7b11b95e93ca743f9660516f1ba0db54514ec44bd6ba7c0a3437dae5832109b87c6b7336d9d55ad294020b11f2eba138e888a698f9ac5533d423e527a8a5d7359564db4ab2867c912151d6979151c3cc3908daa258b4f0493094244c3b364183878367189807e
1,c7928711ac85f79bca862325c34409c2150ccb6be6d724f6a46a16c1bc1e77512d6f9061b76b2684a8a818898abc5967896875a2585a5fb36344af66a4c1cb5c4971f65e7622a98454237493141d3d533ac016d03f27d8c9995b9a4b17a0b55b8f352b69417cb07f194a5b89eca9129aebd1a3123bb743cb7055c960c886a725678bc6472f7d4e643198295759b2730c22cad488e39a3713b78bf9b282a388345155234280b4a63613cf4d8d186e209f1cc39dce647e56b13312492e309a4ccdaa7bba107a243e5e5d
2,bdbe341e6f658175a291bc58c17d9722bf75443d256d695f3254ab9092c2b54db71911cb39c58a6b82aca427f9f3f93b6af3aaa87b8eae68d0986ab2b474057c61da94a89668323312d1343a1c90264b3386cc5251765b84b0481bce70873b382b7852f1a722cb36327c7c021615ea5fa76c88cdc8a679aa468c377764ad1f992420a25096ca4cf418f8136c5a035953c9b9173309e9dd8d2a9c675c949a714e16287ec44555a3e9b9158b627456532e10801c184f593e4c5d7cbbba14126049427a6786e3c3b8b4b1
3,95b8cc8412ccbbc90926f8c9225196a072a8777565871b8a1f5b663254a171a342fa5caca9bbc6547358c4ce6d97c5cdaba833129536246a7bfd05f719b069b36b989e3f1d5bb999a23d57944fc75a26884855142379b2a447433a76453b11cfcc27b5f614da14468189af827f136c506e9b4e1242d52219c2d817dbe86702b7c719f354c939c0935e10a385b76a8fca2831674421e676ae402ac38bc220b89a9db184ad5d5c80c13c5666241838aa4b7ebdb48e493360a6e322e30ba643e157b08d591c7a91783736
4,77c1c8c6146a40291ba9bfa27d1d7b61b06fcea45bbe6c5483bd9995224d72af1ac046b94eb617ca5cc7527acfd57b27ca4f792c868147a54826d0cf352b515e196690822dc2f2a39cd758a13728a8cc52ae3d68b74a53e6d4b15597705a9363bb328f8cc51376c4898b211656318e416b1e3a7544592587a0aba3433b8d9f8a786967383f509b498492331fc924c28b12b8429341c235f15117a983eb574ad732e1845671bcaa9c883c62cb60ba9e6530c3b44cb39a9610649d2914b1a77f394205d366e0a685807e
5,44bdb77b77b5a5753a4405a95391abc2dc71bd4ec4b02ac278834afbb720703d4d2f255ea7c9ca6da8e8c696b2366811146c90b36e5473be4f61b6b2a21998bf581631ccf26139c89c652d079172955218ab8c5573285929677d63659e5f376faabcceb57f4824cb823bc89b68c23594166a2ce9f3846cd221553765ccf12c11e8fc38b47a83c7c2b32a507a1d7836716264a967933fa08799a1b99ab1432897861f60103eae948333a65d1ab45b204a421c812e304b74ad56c08d599d84ba807e91514918454ca4a3
6,29ae4b31c53398464d922fb2728cb5901796508a44b8d03952abea4631a703237ccc1af77754a1b998781433b95b3a02c4ecb86689722b97ffd61a9acc23d1dca3a89bb6b798e168319485575b4fbd1cf6ec88f587b7341c6c453a7215cc99e541e938865146f38bc9c1556b0ea84875a8476515fc062a2719f13bf2559401f8280696d6ab346c3c47277435ab2e3067a12116036c768baa7d66ba7c5e8d94235425d9b101c18adc878a6a59a5503c32d287e9192645ce7a4cb724b6124964b12b2a9da3b420cd3f3e
7,8a83635ca1a5731479cb1f114d6f3235be5fc0cbf88b2473922a29789953b21256a9931408170c216d656c7c6b2587b972a02f68a4f51b617824b852d52afd0f29841b433facb3cf77b8a7b71eb131d6e612c862b3d27545550713a5e331044804e9f4cc99c968c6c41c19bbceb55a58cc5323caaebc7b9b2a267fc11a6d94818469269764a6290209e604957428e71c7c5037b493129a8f2466cdab8d459894c87e9141bd49db1b0673cad6ea928c38c64aa753815a435bba8b7d74597a56a8a33e78a65d36342e30
8,876a5ebfa4324b1965f33ab2f559fae11797ca78a7f4d5441969e8eb24439081ecbc5161ac486bd0c6dcace8855f57661335374a1f68c075af51993f5ab7926cb576cdc29c3d2732d77975b46a8cfb0106b8cb65817625285443a9b6d401ba0beac1da5847d50cc8963bb296fb33e98742627882a121c87b185cc77ac8334473193a92ba28f229a6948b9ad6eb89530a6e25b112423569bc721c5dc17361818d7e713945aabd4f602e599491155349ba7a6b47003b42648b4e202c2a803ca338c92867c39d4c361412
9,56c43118c3b7c9b72638470beb4dbcc2356fab257cb191047b631d0138e2c339666954855cf29906b98c7bf613d4ea99cb59fa08354a7b8465e1e894b1a8a65623a25cac67f212f37877a12d68b7ac276327341f4fc87b869e39221f7d3fe99442ba8a517ce93425a518454c5c1798f60b9bd5f8116772a5236bb2723c08dba5da47adcc341597a6265071ab6a75b4aea26d6914af30286e13853123781db0b385c40674cb1888b5c5b94aa5874a3adcdc920c2e1c691bc392599a9d828024187e914a496456403c3e
10,af3332cabccb040148e476ac0924b2fc96e6b5875be85412b9b219cc8c63da976977035c279686184bf558c259819692ca2633bc47b535b6687ca4db51eb2373ffb922162d15f4611a16557823a5c361d4e566210b354937ca8a75e4fe6c1bb796836d60263ca58a1acb6fc54a13995d4344295a6490a477a68ce74bb9550259f759529417bcb689b8d2331a88b17d272a7848bd20b67c1a01f913e8149e39098f1245ae42acbaa3ad7f289a7aaa511c18384c7249249dc73b4d068bcd348dcf732e30c3157186807e
11,40c61b819e7b87f4b52b216a8aeb8a5a0291a1c77cd0c2a41f2bbecbbb502724a1e22753347c5b5653fb3d8c3b4ab93762549827a98e8ac43190c083886a41c776dbdd3ec99725f9c82795737684abc843a1cf483c2dcab0174d51cc865ca76c44e6ba6939bf6334aca21d966146b6715a4e709f2f95692123ce39746ec36642355826bc9d992089538514cd114557c1105f246f55329b2eba5e7d01c5b309a647a36877819593af5d562cad8f28138d94184f1260803a2a1536927a7eb3498bb791b4384caab16867
12,9c84bd3f1213baf8532c9daabc1252f4ec2233bfa17c1e8fb0699652c50c4983114775a766b5ebea78319ac5b2392aa2b356665b31f3793b5906ecbc555b99f2a0a27b1113ca4b5c7954174127a8ce72bc86ccc897738e5212c6818d1d101c7f951b269b974a40626348b6053757d9a618644d8a39c7a44fb88829512d743e6a7a3ac87858a944a55946a3d03ae16493d2aa6c08228386f3cadb71a99bb206d719e4c34bf91b4ecd57309d5f18368c948bb29685647cf60245dc22e1587ba7e670678064c345b14342
13,6f5119827fd0b9b685a7f84daf5a6e9e9316b26c25c537a0c7474f11639270a95ae766b27ce1a7741bd3f588f3b2dca299c5b73c672cf71b81d8e4d5c65c48379c9c1b047c48a150a8b36aad46bb814a6887b7b51f1e55599b34cb2186533d1b8914b1526231bce357b74b7d45c843192b225797cd23905e2c61c29f3a788698d88184082aca413332aa9536a5cc75a6c8c3e1796743cbe8a1c995402894448bbf8032127e2631056a2c3ab42c0ba2f9a6660499139a3b415b2094e307a9d6384c5f2e245daa6d6764
14,5a1353582f541992d2cc3d17987f79b43f22b6357396b7cc16241c2c5a857caa0d0851db0a7403f83329f4b1e694763ae6d3a9768c7c90bd5fbc8f725238227b286269cb8ac3b375b1a997dbfc9ab814e50c8468c781b31a758a6160a15189148ea4c4b39878d55846e80a2b970ce87e6f3c36cbc0123e3815c4acd294d44b51176669502c1f77741c96735e7b332b5947abb9e48ebe10455d652d7134baa5882836c948b169b9d562542182130c6af15932e2a24aab7cfad6b4b16a9a4fc320a96764a391a652494c
15,81a1ce9976b7d898cab5b7b79bcc65cae225e3761199f25cc63d4b87c2c81e669b407cb073c54696145ac4319c72822b8e3a628fa8ac487734a4ca984e1b84bd544536d72f292d1f55cd509217c76c32856569b93ba7b82333a92c4f2a0137826bba12a57f2a6a8a889eb5b3c06859c97a513d6ebf351a60f705f75166b305d575216e9831543af6f64c8d0be39b78697a64736523f451d9380a29a184d741c91b2cf384cc128ba4411aa41903102771958d2e3c10a320cb674224ad3eb6947e9db158c3b48b564a49
16,88702797a2214014bc25ac632b5a46931352444d8a3fa0beb73296a23c975d0c86dce47a4c6f19b5866285b935121ea8cb9c72ca716225c69bdb63d1a4e33c904a9bc543117b87bf65cd3b927c99a9b398897f51662ca7c4c07654b8849fbb2d8173961cf77412a4860af8e3c6f6e91e2ccab4b748f1fd3457454131c18cae6b15829e688b583bb453c2266c5eb2812f1dba105f30205b7d6583e29736a1b64553a01c38569b0807aa542792e3247e785d7150ada6953759286718aab1c7c3364f8d4994a34ca19a9d
17,267fcb9cab46a1c78843b879518f443511bfbd5b2f836eb06f1e957b22879b701a1f76463f25296dbe39b2572d17a1b3a588a50d6cc2a23d3a9758bc53c654bba91985934134b74d691db67ccae65a75a26333c0864eca2c9e721b1068752b218e778ca4cc409f5284b93c8c52a2316ce8299062815faf9674c9a3b154f1373bcdb12732551457a871ac20b5aa7d9474b5c7a37a698596648d0b4384c566b3ea01267312ea392cf28189d91c49a1c45366142f94c365e245d9060303c644a8d49ad788b89807eec1ba
18,5147933ba9a0698c79221136b2bac6c1b8229bdd4bb32c88bb3d1dcbca119b10926d8799b9354e708e9e1a77541fb6322d4a62508148665444f85bfa166afc5a43c4a723c163a2522f1b5b488fb290a3a40589f6f617f2639607d4d8a253f168d05f33a517837228c015468d7595e537b0c67ccc5c532245c5cf9559b5379cce57732a8bbecdb76806ec2b8c99a9d3841a8ae36bc56276ab19a4adb434c82489aa5542986a3c78a67bf7a3e97675d761e74641871c72ebac3144cb131121ce96493094a3912084807e
19,23668fc1826d9b9276515fa734bc707f6917ce1a2f3f866b73815cbfb2af2742987c511bbb2672ab96628884c890f6fa89f50b954d0a4a9bd2c418c7737b3c29e651bcf14a2a164b324682bc0a099535875193aca4d257b579ebe154e3193aea5cbc939c4a395ba61b68ea1c67459dc3d34f635e5a6013b710d2d6e4489b03b1fad6a257935cdc75b5dac3683978d8b437d128552682238982a1e91471286c64b8679424a6b1489c4a01d568a1c331855804567c492e3021599a7e403c4caa71cc42c33eb420787b7a
20,7cc473954f96978ecab5478a1b4b4a2b31bf8fbd1e21c0a2a09c7d3bc84ea96f8cc2d7f75175c5a2f357b41cc450c67754b8b2cb15fac5b65ab68339e266ea5588187661a98c7b74499865532ce4d904379482d0cf831416bb6bb2511e638fc562377ac19fa870888dc9cda453763a15366aaf93946c2ca7bc84c74222b013b96b6341d5952a3926dbe9b5774a1a12643faa989ba8b233d10b4462e726985399d279159a19a61f30452956715e20401c3e2d3b32a245d8267c37851049187eae28803cad384cb16160
21,6a70b77574f3a4e7d62d1913a2b389bc52a9881a92c54c7af63bb6fbd6e1d851ae95257566a0a587a7176ba4843161e347f9bcecdc08190863123b7539c5441478e5855b66d4b988446d0333f403b228fcf7c3223e392173b9ac655bc82745837c6449cb0266c7264c12c50cb798cc997428a14abb89f1f38781bc41c5eaabead8b2d7635bf24964a5111a48d825f30cc3d20b512b4685a2b5c2aca745693c3f49157b3c55de2f101871699e804dc27e372e34cb2677aa19ab161999491a8059a3a636296028ba9d86
22,ab729287bf31b24d907b5e6dacc4bcc993a1637fa4a72b6fb353c2c615fd35784865c8a9541578e1d98c144589fb55439a265a84847589c7a0ccd02c97821655a2150ca8c2cb12f669b815a32b03bbb79a9bb585c89c2d2abe43687025a54740514b4e274273b9822079bd342311963d143a4668310fe9e6288698f4f7d3336e308b1f45c680a3295d5b1a9a7656ce5913ae37cf7c991260b61b9da6266b2820cd77523f7e6c7a4cc53cc3173836714a74941e493ec01c2491b8156a6764b1af8d2ebaadb478aa1918
23,c6986ba2c14b8e63b9c2402f27a5b71fa69af1323a3272654582565431e956fc8c9a1b279b737c4a617d3bcc592979b834799236aa4b8f9f3457c082bc353329ae1668ab53c74d6e5266a05a3f5247f3746ca9e2d9d411b2bbe4db0ad8715c907b50c421315b393855e1d3e62bd773d14d0556d9c0b5442c12888fb36086cf9a4fbb2878489cc8dce45515fcda9e701c1a5672768aac5dbf962acb2e941130a7aa19497a918c188bb6b4b1392275c389ba4281736811084593c6206c747e38154e6780644c71a8a3a6
24,5ca4b66eab5a755e8626c7196c9385a770b243963a7355b953d653f21e687b855714d09f6aaea298bb998fdc61bc4c231369461f872dc26f51c057176b4da133763534a25bfb7c5a9af391ca612c32535821829e9c1a48799748cc14abe5089c9b06d413783ad22bc4f162752a88ab4bb32b677fac90118e1077121d152fcfa0548d5f3b5b949f8ba640ce2ecd5629639d3b3c447481cc6a52097dc8591c62284760185db82a94847ccb7a38eb13145b478668024c34e4c36bdba3eaa72030a392427e719b9a649188
25,d07027a6373b53453c5198cfa782657746ae7cc72fb3ceb7ac3d8f359f6cd195a5753f9b7da4cd98cacf72bc39628eb085fc8c2894f6a975e41ab1f81bec5dbf509c22cc24a263a401aa079bbc1c093863e99e5c4d6b513cb817131db67fb7c633a12961a8c41184b97b6555b44a9bd16ba9e6923212025854b87968a5214af68901b60a6cbaab2947587a6f316d2c12c92d8b3ba332761038715a74599294c348882e784e567241ead57453730a29ab16e91b4155440493431c4c56668d42649d362b282a1883807e
26,92237723182c584694e7c54b9479b3f4d37bd2563751f2da8621ac0a557a976b4f5593d9783be1e5667f3273904b48ceae86c6c2891bc8c74a133d3396af5a50538abc176fd05ecc2639a4cb8fa05fc42b613514a1cd4644811185585d6841c88a73a705bb03b98bf9f87991b6106ea6cb316517d7b7eb727bb65b54fa2a672abcf7a219c91e85c59b8a3769a80341dca19791595302f18ac3382c243629b4569e786a2aad2245b9d6c9741228c395204971c160402e94aa43ba423c8c1cb23e8bb16d6764204c8e8d
27,bb8eb5a91d54859e628488196e69caa886c82d924e6b704dab0c2a0997d4889349b65c69083167c6fb621774ac7a1c41134d0b98aaf76557bd8751ac43375fb26347a51f3a2953b32934498c0667f46cc391745bc2ccfb324035732dbf255b9c5c85e5c11102b2650798f4f721e9c1a4b19f2a680c114c9816a5a3bf9795ab38b71caabe338c6d223f86122771a7e1b64155824a6a28bc4427e5528cb8d37b67bac39659ce915dcd56a45294a3ae9d314c237801836619a2f602e7a6203d3cadb849303eb478b17574
28,79398123b2b84046a4ae16a97c9eab8c3b41bfa78f5b8937ca4acb961a52b9bec2322da06c578581183c56b2213c4b02216d14444f9831bcac25924e6e8ab78666a54bc1877dbb9059965697fb52c43c873481062ce5a3a841fc772bcd7c9f3f772b191e9726475c4d618e4245789348bc6767551c9365e33b3533827125f711ba89b9c296f1d283ed068af5095cfa23709135b62fbd177b188288b4a18db13d15fa3a654aaa2a349a7e58ad631c24e56cc742e5994c0ba8010307a3c9d5d6a6067c3205549644cd69
29,1a963347b7d6a1db5b263483f3529be8a6eca661b4e4a3947545399c4758e7c27a117c54d65c2231a9c3d8119b96b4b1eb041467a0269e5143a232682daec845a76f3734873121cc2f98af9b695fa916403050b3b790bd3b3ed7f8c70ad2cb657932ef5bec7a8bb3a2897c158ce95159fcd845211739d229a77615cb7976c662a555ab8525a486bf2b1424ac10727436c75a83c9aab86038826d3446c424f9278b4c8867918f2c008d8b9d0711f1c3ca8cf492a94c36b45c59a6561312a3bc6420b15eba185d89807e
30,c6b633b588afbc723b6d938c7c4bc4c86a7b51773a667d50ce5486577021413d901d6c83bea7b3344ad1f55442d2c8e1e814dc7cb9847cc585f5373c9a5624e3539859cc2482669957fa9a15f43875b03197e11cd6f96aba279892984403f99945bc0b89f146ea5a2827a0378a4f36463c5c722b2763e38a8acb6b825e45bd25c2527419787161174963d06ae9b1c23adc5607a32102f5920bfa65da4c19e9a1b566564929b78f4c1348d91b9cf162e249db18730683802b127ea31a15bb672acaba42c318b48baa10
31,9ca5526f68c2396c1a51d19a8c83444c3aa74e1e69954092be48c1653293ce8e839bb784793347c437434bdc6ae8972b2bc8111995c66ccb3a18f8aab8555773292fb857d0a0a47f98535f27546dcf7b4d63b6b6e88af6214358c5bcd588101b76422d50ca631413b9621319fb0902e8721cb5aa2254f5e16c93d22ac1d8d3c56aaaf707d77301f386b23bfa9613f59827c7a4c539ac560e263e46a336c70b9ad2ba64bb1b55d75b42097941c868b9e91bb1280c392c241878714a497e459d1774156a28672a64c0ba
