id,path_hash
0,106c7484a9e5f892830163292691d33717e879c8b9476256a7a228a559b83573b40852e8c7b5d8d84688e8f6f1581f659d88797534485b4b72275668621133ea531f61777d62633649239f6e73bc62b595e183f950562d203422a17444f4746d95801ea0674d1602993543d909703c52431446456b1c391a41703a2ce385c91961b7f9a21224357991178266437d2f585119314c824e5a987c
1,612195336a5022497e1d135c156ca2b68983d756e6951979a67733055793c9277271659c6386718972883457849f2535483610b2d705d2a6b91815f7f9b9e5b8e46625820e8f5a323f6040827d2e7a931a8b374a567888766851448a654790445462f8d9cfa0319d4b7b1234274451e94999116f184d24f173b235376284ed29436d39642c80158c71f3e05241194c83265e2496387c3a1c1b
2,214d668b62395f25a014678e833b467689716942449b161e9f9093484b358613a746a4110787d972a755653577f9581824092377e503f87279e6d4f8a198962080e61291a1d366f63231c2d525d2b1f308d5c485d3e9c6065570157b3d8f5b7a12186847172c8776c283493225e94c8879915a4a514c598473582e45113c9d8c9a24343a720263833317c6f6e224e1999436b2f1b555464b79
3,2b752028331a3e912d5d5fa05b859c7b97357d742e10864b6c251654f6713e51153c6f637a6ac3b378e1c7f9578296d328c69a4d44d76f9b3073884ab21504533d4e7e2c2a1d83658471495c1f6b188a2757414c92816155561779363149e24721e408d3f938939166488b77344762233182962f12469470264211878528f22989f59199d455e9a60625a583a689381b6e546443900799807c
4,96254f8b233c83487a84283597186e8992889b9fb363342372190124aa08253e444135678e988d2a3962204d1a8f2c17761c296d9c7f40639a94136a6f8c71a3d1d8586919381466305c6c1701f348746772e7d22691e1b475795492d6855106b4b7e546160518e5d438a45326733b81c7193f7250383a75672bd80312f1127595f4c535216245b4e5a5e74940267c7915659ef7b264589d99
5,6de56875db1416465528832523637e9c6b613e94184b41803c3f49961788b7712889d2d173da9835342322967401589577141a3921706c515691f65107d2af723b867f9144508e8c2c2e20753a2b6e8573358a6744a62815c976f52847a25f386034c9d4d027821e9f5922928f249b66335b364c858371c79a6a689e26794f935e1390547b764e64481d311b8d5aa0999519114745437c302f
6,9c476a074408a4d417175939a42499712233b5c4b144f8953b329d6b2e226716981c4a68576f7e15943f9e2a1f925686298d5d63817f622d519b39343679909130822b956c3c8325188e285921697288661048733d61d52879f9615fe5b44550131e8b4c2cf3ed3a77377a461aa4733586d30274e248f5e7d457b268099656e8205a6128417386a4370c795519855411352f1b8c317c607864
7,3673878274701a223c3b775f499c8a80390652d4016127d53335663f5d9e8534639f6e5b1f9b759267b424b272994238b666b2595726aa06d788c322a9d7a811e93a57186f7b2e157f13621d3d8e891c965c3968107e7950374148844a4767174451c5a3e86352832047108d8931716c30698f552f214d522c59432814381198511b619758e3a469545e9a4c4f1999452bf4e26d642460887c
8,18471982846956e97869d40496744566622858c6120754d212c937b9476354f5163b426d902781962e70696c7739101a7d8a3e6b5482d5d37729eb9b9c3f579a9f4a473798e8f59e322b786a63f80915f8b53161ca06f7a8783349225335273896230682a1e7ed4b1223435e3d60184548829262748d14171f5b8a024362f5c829913113c411558c5554317f383a657c5074e95a644c1d191b
9,2898788c44207b7736239539a05c79871c713e6b216e653c9133224634842c9c9e94574d27684b2580c5f9b148f66429358d4161325169531d7aa16a8630109f8e7d9248504a6249a409d882e2a5b378a7f99351e74689732d2f294f493d16708566f55072b18756c96139071f5d15632b37626315a6d4ce2460854e67641a954d8212173bf8152117e1b3f198329759385e474543583a8b7c
10,212d921023638a71464d49579f5393c97934780855b566e4f55225d811f619a7f14723906a42536c522e1e8f1a6979829c59374112655f1cb4a7570178682b1dc367e546b9b98338e40a04b3d9d8a95628c44507773e306f277667f93b29283235e8883673516d2a7dd87745e20668913945c4e3f84603448195a252c167a2658119e459699438b3a8d4c1b862f3840311518217917c247b64
11,472384983f6a814f28748d83917b698105f90327f961f44a0469ca2e972c3e3c8548338f82685c50896c563bf1351632d1c12406b41791d5d8c737856d658e674e93956f209b5b9f45516806309e2129b753927942a172765977587137c4b7e70141135869a042e8a87577d8b541a665a3624d362bd25495e3d722154c88619d382434189994a2451e2f439219313a6e26177c53521b607a64
12,1c147e8692752e3666736936c338550137f571788e8f229f9d725932941e161d2c9a3d8b275f823b696123462c154725a09e88108981806b73955546533f18282b795b57612908488d423e374a4d65987441172a8a56487d835221113496516a63352d7177701ab1fe3c393a5cf6e294430389b269c543197999172f7b4bd246d684c406087498c4565e4f7a436f7c20064a4e19291b5d5a58
13,48336b83d699d828c8194865b355574981f32a520776a516e7f91298a73226d685309b83673b7e4a68b9e466c2c619734627d475779448da04b889023502d758416899f2e9666655956101437c95727153221f2b2549405d36785c54e3fd764f45804e7b8e4d189c706fa5f1c315a3992277a129a43423c28711e9932f1d1a1b13538f58118b269952413e63176043810192645e3a4c24877c
14,326c3768901d813353c47885c3d8c681573b976a470733669e864f3f3347277496721597875516fa0538f30409539762d6b7482292e5d44239d22181c503358b8e25c83894e4d9e559c275f4256793ed9a317d54164648128d7e9b8b4a286552a91846198785141381a1f5b2b7f962a927b15631e662f9f8a94716d7a879102c17805f2062265e3a6e644c1b1424930192995a117c604b4543
15,4f493f5739749144345fb8525551a167177984b7366e92949b87328f9a8a1c8193226a825178506b4d207610843b127b8e6d3d66151472413097616c694013891d239e28f9521567333c5d2b2c358d867d1e8361365792d29467f4e7aa068c9672a75421f18638c805c1b59883e38706f4ca9d4a8b116227174953582e37563152609c26485e47247e43833a90542f647c5b25a9f0199945ed
16,3ea0507729b5b6f5c53322b664156187694273679f57144247838825808f637e758d89338a5d447b918611a1ec8146681d51735530951f5428679187137f7da233c696d5923f7a9e5a3d52702048e4f129d39598c6b9b038e2626c4d60867589c48d5f16904a842a5e364011222d1c372c65784e8b4c4b9a103b98599976af346e743a7121351b9319172f2e9615728264249826317c494543
17,106b59897e6f1a84a8a829b67391818c808d9d74758254ff2966477846727f9a3255832e535b169c4d6ab6268854863157a7634771d9f362c18359e8617372a8e9450e222033982b51c6591971e735679715c4bd442159249a0148f4c688693f28416e305d95421f7b5f7279318b583e33d703b904e131c6d967d612f4a12458711932d5a43602326241b57526c19995e403c5464387c3a402
18,3c20b929b623768c6d597a971d8b69466c6a7221905c3b88e4b3666c829e55731465839356857d393d2c138d30515d944d4740957158441876f3f17f8f17414f88704a9d12259c5b68748161485a7b9a3427e762b1a3e8a1f29353887112a9fa410505f96869122756b631e28f49675e5802927984e843a5301c891643ed78a04c6e15797c6032779934232e641b575452453319312f2d2624
19,a538a503e8083405b2c658e59936b793d22137a982d689c1c4731e3b365789148c886fb30a04b3f2e763314a3cc782b7b1a9668f2a94631d48568684897537514104d202985289239217727161f95499f12738d875d6758152559790268b915f7ff666c414f617011692e7327e9e9b344442356a542f4c2505c31587d6ed6d43749d714e3a182338821772157c62195a241b609a99645e4645
20,5c696d975b408e8081654988556481c145d2e334193672987462d4d258e9a3f5a6a3d619f8b6c8aa0287d62517366a9d429883703c3722822c19b393b237e8c2bc101e441a767a78892a96857934121d8f758430636e37271326b475f95907442777569e24865036941ff164f5326923518682f219c55e3e4cb20291314b98d74e174a7bd15387f433a6f196057547c1b59099526445581311
21,301078eb1e6873838d203f5f7e612894b663e79593281d16e14299ef9d182e33718077a82956348178f478c768a7d6c5c906f5bd499c3531a27362dc2ba06d3d7a25701c85394d6174225986b917325087817f97963c8635406794468b9a34568e551f57428869445d9f4151587b166a9b372399388440725a3b4c212f75314a454365543a2a2642c9241b4f2615924e62196013525e11987c
22,10184938c693e8377c1d7696445c2b702a5078681a2d144641332848233f479d4d59886892e53d7b6a51b75672203c381901e6e6c6b739e67876374e9c556d4a274b669b4c42949987568540796594181302c367d9a5d259523930f1c584f243b8b928f885b9f21265a6f345391714e8e8da1f80da07e998216356217437f378a22451b61322f5f5e5793152977a196415601254117c42383a
23,9b61f338b918d8685692b13812a9066214f9f7a35536b4a72689e6e8418c61363e3918593f25562571d9844175d8918094701c231216759c78304b9555408a3b347b482947225b3c32159a9742768e7977a0507f1a6a6c637d5c8f822096a7eb924d8783103d1e2e6f74383a5f6d58285e377342dec02f8831516549d434667719937196484454c27f4e6037c2c26241b1429d995a11565452
24,308f21917e147d539c4f532359d853e6b3f89342a93485d39a0576c3372665c692567b556a708d4a413656759581f518763c3d62773b959f1a8b235220185437367546824b9a8a2f4917788441976d8176688c29962c12444d6fe9b11882d11e09e7161996e8e507a2247741d2836960162e5b735aa25804e4398455f5e103127b19422b28869d243c1cf153a797f26384c1b946483407907c
25,504914a44833f32918a2c9d855310927f635c802d8143d299458a020472e65485784376a667b5b3e8b936946e867174569a52335d792b1a4287883c9c7077676f167835218d737a954d4ad5f416e8c96237613976b161184b12221c4589275534f7d9e404f5a626c8f1dc111e60514c28157e2572398e1738906d75545933b9b5e302a439f36319924824e2f3a1f668019264581b98267cb79
26,91808d402d818a7456b3c18f781a105d16939c511f928764a3b820447e568889692176143e292b3f8e6e6ca32e7a7f866a151c8c332e23654b9b37f593497b7d612c8422489ac9f554f72b945096f1868394da05f83366674c1e825b4e2a4858b63759d28096979e9557999053d133d6d1d1b27122525c475a43461979775458624198422624731752117c30455e353a67607134312f387064
27,5d788e7b224d3048396635469e6c9b408885534429981d161a79915b3c9625773f5f36f67566e2d942a621076759c1c49867121694f74842c7f237aa03d131e511479082581186d2037619336592b3eb34fa705c8c836568157d2e48741129a8b8f6a92974b1773951433282f9d577e9f99726363b32895a5284258275e4a080c73a503138605524e456b26434c8a954d648d4e2117c1f191b
28,5bba37051a096409c572b3d16851c803b289b864b829497e9134638b4777558e84484659e3e5383c3f7897a4391f3c211450567d627b355f76656c272a9074971978a8f224d9d445d5281688936b30368c1d616a826f684f98424c189f37942e1220416d15694a5e23734513661743928d102d38677978871172547f95f7c255c323a751e26ee9ad9916433590315a582c4e262f241b601a19
29,35d9bed3056935429c879d7032805359255c6ca09791465868896b8b3e51982b572a1a94379681824a4b4016279588201d2d693f4118616665354f78177e8e134126dc239f716e3d621e74221f76144137da8d84338291c9e477b7a8f2c3950869a9910555bf11488a9263529077736f7567833b8c7f365a444e1579b3c38215f3a282f1b4d75e4c6049547219645859317c6a0264432e2624
30,c4d128b6c2822628d2036a25445c964b936134668c673941849f468889106f3e1e217374776d9b2d816930988e409e7627725f509d684f80e492a51a1cf2e183d7e2395d11d90485d6355327d5778b9187427aa0355e59605b4a9c1f5701b29474c84365752c92335a83148265316156e45567f173c363b1a7b5413752712b9419497904e268628f3f1185373a6b388a316458972f7c249a99
31,7316675d8e7b8c49894b2d3b414f51334065551f13868f841c568d5b37289114626a48757a3c5f9f746c612c711897785c22429d13f8696e4681823a095239e4989253e297f801d30e102e9476156d6b9679599b64a1232447e1ec8a25a8711508b4d907793277d63d5335b021391a736266f5a85582b6f724c57209c5e1b7052344e19882a2668548392f647c2447609a31179945433d383a
