"program_id","path_id","level_id","measurement_type","stress","iter","median","classification","example"
5,82,0.917431192660551,"gradual",32,10,2.324618,"median","list"
5,82,1.8348623853211,"gradual",32,10,2.3443005,"median","list"
5,82,2.75229357798165,"gradual",32,10,2.2702725,"median","list"
5,82,3.6697247706422,"gradual",32,10,2.423377,"median","list"
5,82,4.58715596330275,"gradual",32,10,2.468409,"median","list"
5,82,5.5045871559633,"gradual",32,10,2.4236495,"median","list"
5,82,6.42201834862385,"gradual",32,10,3.207384,"median","list"
5,82,7.3394495412844,"gradual",32,10,3.269349,"median","list"
5,82,8.25688073394496,"gradual",32,10,3.3931535,"median","list"
5,82,9.1743119266055,"gradual",32,10,3.429091,"median","list"
5,82,10.0917431192661,"gradual",32,10,3.4062475,"median","list"
5,82,11.0091743119266,"gradual",32,10,3.369271,"median","list"
5,82,11.9266055045872,"gradual",32,10,3.3351595,"median","list"
5,82,12.8440366972477,"gradual",32,10,3.5899915,"median","list"
5,82,13.7614678899083,"gradual",32,10,3.661787,"median","list"
5,82,14.6788990825688,"gradual",32,10,3.704839,"median","list"
5,82,15.5963302752294,"gradual",32,10,3.7731475,"median","list"
5,82,16.5137614678899,"gradual",32,10,3.7114845,"median","list"
5,82,17.4311926605505,"gradual",32,10,3.686568,"median","list"
5,82,18.348623853211,"gradual",32,10,3.619294,"median","list"
5,82,19.2660550458716,"gradual",32,10,3.74097,"median","list"
5,82,20.1834862385321,"gradual",32,10,3.8368045,"median","list"
5,82,21.1009174311927,"gradual",32,10,3.931614,"median","list"
5,82,22.0183486238532,"gradual",32,10,3.812414,"median","list"
5,82,22.9357798165138,"gradual",32,10,3.9874495,"median","list"
5,82,23.8532110091743,"gradual",32,10,4.0520325,"median","list"
5,82,24.7706422018349,"gradual",32,10,7.7643365,"median","list"
5,82,25.6880733944954,"gradual",32,10,8.0880365,"median","list"
5,82,26.605504587156,"gradual",32,10,10.8722025,"median","list"
5,82,27.5229357798165,"gradual",32,10,11.0467825,"median","list"
5,82,28.4403669724771,"gradual",32,10,10.9261155,"median","list"
5,82,29.3577981651376,"gradual",32,10,11.019042,"median","list"
5,82,30.2752293577982,"gradual",32,10,11.3983275,"median","list"
5,82,31.1926605504587,"gradual",32,10,11.1385995,"median","list"
5,82,32.1100917431193,"gradual",32,10,11.1955645,"median","list"
5,82,33.0275229357798,"gradual",32,10,10.8537605,"median","list"
5,82,33.9449541284404,"gradual",32,10,11.4038705,"median","list"
5,82,34.8623853211009,"gradual",32,10,11.0854765,"median","list"
5,82,35.7798165137615,"gradual",32,10,11.082162,"median","list"
5,82,36.697247706422,"gradual",32,10,11.2000575,"median","list"
5,82,37.6146788990826,"gradual",32,10,11.3057825,"median","list"
5,82,38.5321100917431,"gradual",32,10,11.3470455,"median","list"
5,82,39.4495412844037,"gradual",32,10,11.296454,"median","list"
5,82,40.3669724770642,"gradual",32,10,11.1537845,"median","list"
5,82,41.2844036697248,"gradual",32,10,11.148699,"median","list"
5,82,42.2018348623853,"gradual",32,10,11.2492825,"median","list"
5,82,43.1192660550459,"gradual",32,10,12.1619845,"median","list"
5,82,44.0366972477064,"gradual",32,10,11.7408415,"median","list"
5,82,44.954128440367,"gradual",32,10,11.379887,"median","list"
5,82,45.8715596330275,"gradual",32,10,11.6257765,"median","list"
5,82,46.7889908256881,"gradual",32,10,11.904268,"median","list"
5,82,47.7064220183486,"gradual",32,10,11.9470095,"median","list"
5,82,48.6238532110092,"gradual",32,10,11.9423335,"median","list"
5,82,49.5412844036697,"gradual",32,10,12.3555735,"median","list"
5,82,50.4587155963303,"gradual",32,10,12.540075,"median","list"
5,82,51.3761467889908,"gradual",32,10,12.794691,"median","list"
5,82,52.2935779816514,"gradual",32,10,12.5946705,"median","list"
5,82,53.2110091743119,"gradual",32,10,13.102796,"median","list"
5,82,54.1284403669725,"gradual",32,10,13.3376415,"median","list"
5,82,55.045871559633,"gradual",32,10,13.224512,"median","list"
5,82,55.9633027522936,"gradual",32,10,13.641495,"median","list"
5,82,56.8807339449541,"gradual",32,10,13.275788,"median","list"
5,82,57.7981651376147,"gradual",32,10,15.490038,"median","list"
5,82,58.7155963302752,"gradual",32,10,13.3308645,"median","list"
5,82,59.6330275229358,"gradual",32,10,13.427838,"median","list"
5,82,60.5504587155963,"gradual",32,10,13.5061815,"median","list"
5,82,61.4678899082569,"gradual",32,10,13.907996,"median","list"
5,82,62.3853211009174,"gradual",32,10,15.0551495,"median","list"
5,82,63.302752293578,"gradual",32,10,14.801355,"median","list"
5,82,64.2201834862385,"gradual",32,10,14.8478695,"median","list"
5,82,65.1376146788991,"gradual",32,10,15.437378,"median","list"
5,82,66.0550458715596,"gradual",32,10,14.8181395,"median","list"
5,82,66.9724770642202,"gradual",32,10,15.084805,"median","list"
5,82,67.8899082568807,"gradual",32,10,14.8640785,"median","list"
5,82,68.8073394495413,"gradual",32,10,15.642097,"median","list"
5,82,69.7247706422018,"gradual",32,10,24.900919,"median","list"
5,82,70.6422018348624,"gradual",32,10,25.290492,"median","list"
5,82,71.5596330275229,"gradual",32,10,25.8465625,"median","list"
5,82,72.4770642201835,"gradual",32,10,25.06361,"median","list"
5,82,73.394495412844,"gradual",32,10,25.88594,"median","list"
5,82,74.3119266055046,"gradual",32,10,25.267045,"median","list"
5,82,75.2293577981651,"gradual",32,10,25.5693335,"median","list"
5,82,76.1467889908257,"gradual",32,10,30.684845,"median","list"
5,82,77.0642201834862,"gradual",32,10,30.8372445,"median","list"
5,82,77.9816513761468,"gradual",32,10,30.600923,"median","list"
5,82,78.8990825688073,"gradual",32,10,30.661657,"median","list"
5,82,79.8165137614679,"gradual",32,10,38.957954,"median","list"
5,82,80.7339449541284,"gradual",32,10,27.3810025,"median","list"
5,82,81.651376146789,"gradual",32,10,27.46244,"median","list"
5,82,82.5688073394495,"gradual",32,10,27.126907,"median","list"
5,82,83.4862385321101,"gradual",32,10,27.553761,"median","list"
5,82,84.4036697247707,"gradual",32,10,26.8801945,"median","list"
5,82,85.3211009174312,"gradual",32,10,27.304882,"median","list"
5,82,86.2385321100918,"gradual",32,10,27.1396635,"median","list"
5,82,87.1559633027523,"gradual",32,10,27.229421,"median","list"
5,82,88.0733944954129,"gradual",32,10,26.470905,"median","list"
5,82,88.9908256880734,"gradual",32,10,26.030761,"median","list"
5,82,89.9082568807339,"gradual",32,10,26.243174,"median","list"
5,82,90.8256880733945,"gradual",32,10,24.385774,"median","list"
5,82,91.743119266055,"gradual",32,10,21.906849,"median","list"
5,82,92.6605504587156,"gradual",32,10,22.9305945,"median","list"
5,82,93.5779816513761,"gradual",32,10,23.035619,"median","list"
5,82,94.4954128440367,"gradual",32,10,23.054887,"median","list"
5,82,95.4128440366973,"gradual",32,10,23.8458295,"median","list"
5,82,96.3302752293578,"gradual",32,10,21.227563,"median","list"
5,82,97.2477064220184,"gradual",32,10,28.966575,"median","list"
5,82,98.1651376146789,"gradual",32,10,28.806553,"median","list"
5,82,99.0825688073395,"gradual",32,10,5.374808,"median","list"
5,82,100,"gradual",32,10,1.9104205,"median","list"
5,88,0.917431192660551,"gradual",32,10,2.380322,"best","list"
5,88,1.8348623853211,"gradual",32,10,2.6186505,"best","list"
5,88,2.75229357798165,"gradual",32,10,2.4032645,"best","list"
5,88,3.6697247706422,"gradual",32,10,2.442234,"best","list"
5,88,4.58715596330275,"gradual",32,10,2.445174,"best","list"
5,88,5.5045871559633,"gradual",32,10,2.516033,"best","list"
5,88,6.42201834862385,"gradual",32,10,2.3319955,"best","list"
5,88,7.3394495412844,"gradual",32,10,2.574164,"best","list"
5,88,8.25688073394496,"gradual",32,10,3.1060645,"best","list"
5,88,9.1743119266055,"gradual",32,10,3.069072,"best","list"
5,88,10.0917431192661,"gradual",32,10,2.961034,"best","list"
5,88,11.0091743119266,"gradual",32,10,3.975448,"best","list"
5,88,11.9266055045872,"gradual",32,10,3.9910325,"best","list"
5,88,12.8440366972477,"gradual",32,10,4.7623075,"best","list"
5,88,13.7614678899083,"gradual",32,10,4.1484185,"best","list"
5,88,14.6788990825688,"gradual",32,10,4.118433,"best","list"
5,88,15.5963302752294,"gradual",32,10,4.095688,"best","list"
5,88,16.5137614678899,"gradual",32,10,4.065659,"best","list"
5,88,17.4311926605505,"gradual",32,10,4.088164,"best","list"
5,88,18.348623853211,"gradual",32,10,4.132152,"best","list"
5,88,19.2660550458716,"gradual",32,10,3.9343715,"best","list"
5,88,20.1834862385321,"gradual",32,10,6.7054585,"best","list"
5,88,21.1009174311927,"gradual",32,10,7.3010775,"best","list"
5,88,22.0183486238532,"gradual",32,10,7.5132915,"best","list"
5,88,22.9357798165138,"gradual",32,10,8.0139545,"best","list"
5,88,23.8532110091743,"gradual",32,10,7.6506595,"best","list"
5,88,24.7706422018349,"gradual",32,10,7.858649,"best","list"
5,88,25.6880733944954,"gradual",32,10,7.2924465,"best","list"
5,88,26.605504587156,"gradual",32,10,7.0707545,"best","list"
5,88,27.5229357798165,"gradual",32,10,7.279258,"best","list"
5,88,28.4403669724771,"gradual",32,10,7.798875,"best","list"
5,88,29.3577981651376,"gradual",32,10,7.088088,"best","list"
5,88,30.2752293577982,"gradual",32,10,7.21928,"best","list"
5,88,31.1926605504587,"gradual",32,10,7.0913215,"best","list"
5,88,32.1100917431193,"gradual",32,10,7.447305,"best","list"
5,88,33.0275229357798,"gradual",32,10,8.2108865,"best","list"
5,88,33.9449541284404,"gradual",32,10,8.0109745,"best","list"
5,88,34.8623853211009,"gradual",32,10,8.2487055,"best","list"
5,88,35.7798165137615,"gradual",32,10,7.8678015,"best","list"
5,88,36.697247706422,"gradual",32,10,7.9505535,"best","list"
5,88,37.6146788990826,"gradual",32,10,8.2780095,"best","list"
5,88,38.5321100917431,"gradual",32,10,8.303702,"best","list"
5,88,39.4495412844037,"gradual",32,10,8.498785,"best","list"
5,88,40.3669724770642,"gradual",32,10,8.482983,"best","list"
5,88,41.2844036697248,"gradual",32,10,8.1763805,"best","list"
5,88,42.2018348623853,"gradual",32,10,8.045977,"best","list"
5,88,43.1192660550459,"gradual",32,10,8.07695,"best","list"
5,88,44.0366972477064,"gradual",32,10,8.1178535,"best","list"
5,88,44.954128440367,"gradual",32,10,8.1413225,"best","list"
5,88,45.8715596330275,"gradual",32,10,8.104147,"best","list"
5,88,46.7889908256881,"gradual",32,10,7.9952305,"best","list"
5,88,47.7064220183486,"gradual",32,10,8.303799,"best","list"
5,88,48.6238532110092,"gradual",32,10,8.076024,"best","list"
5,88,49.5412844036697,"gradual",32,10,8.1000415,"best","list"
5,88,50.4587155963303,"gradual",32,10,8.1748895,"best","list"
5,88,51.3761467889908,"gradual",32,10,8.091013,"best","list"
5,88,52.2935779816514,"gradual",32,10,8.3901195,"best","list"
5,88,53.2110091743119,"gradual",32,10,8.9200845,"best","list"
5,88,54.1284403669725,"gradual",32,10,8.555778,"best","list"
5,88,55.045871559633,"gradual",32,10,8.5285735,"best","list"
5,88,55.9633027522936,"gradual",32,10,8.689368,"best","list"
5,88,56.8807339449541,"gradual",32,10,8.9529605,"best","list"
5,88,57.7981651376147,"gradual",32,10,8.771232,"best","list"
5,88,58.7155963302752,"gradual",32,10,9.162444,"best","list"
5,88,59.6330275229358,"gradual",32,10,8.9166965,"best","list"
5,88,60.5504587155963,"gradual",32,10,8.8865515,"best","list"
5,88,61.4678899082569,"gradual",32,10,12.6019855,"best","list"
5,88,62.3853211009174,"gradual",32,10,12.708751,"best","list"
5,88,63.302752293578,"gradual",32,10,13.4985155,"best","list"
5,88,64.2201834862385,"gradual",32,10,13.2192935,"best","list"
5,88,65.1376146788991,"gradual",32,10,12.9893155,"best","list"
5,88,66.0550458715596,"gradual",32,10,13.1943535,"best","list"
5,88,66.9724770642202,"gradual",32,10,13.486706,"best","list"
5,88,67.8899082568807,"gradual",32,10,13.5397915,"best","list"
5,88,68.8073394495413,"gradual",32,10,13.3702675,"best","list"
5,88,69.7247706422018,"gradual",32,10,13.986306,"best","list"
5,88,70.6422018348624,"gradual",32,10,14.2642625,"best","list"
5,88,71.5596330275229,"gradual",32,10,14.3332115,"best","list"
5,88,72.4770642201835,"gradual",32,10,14.5499105,"best","list"
5,88,73.394495412844,"gradual",32,10,14.81767,"best","list"
5,88,74.3119266055046,"gradual",32,10,14.7211595,"best","list"
5,88,75.2293577981651,"gradual",32,10,14.63436,"best","list"
5,88,76.1467889908257,"gradual",32,10,14.7317175,"best","list"
5,88,77.0642201834862,"gradual",32,10,15.049409,"best","list"
5,88,77.9816513761468,"gradual",32,10,14.6972,"best","list"
5,88,78.8990825688073,"gradual",32,10,14.5806665,"best","list"
5,88,79.8165137614679,"gradual",32,10,14.95519,"best","list"
5,88,80.7339449541284,"gradual",32,10,15.319847,"best","list"
5,88,81.651376146789,"gradual",32,10,15.577074,"best","list"
5,88,82.5688073394495,"gradual",32,10,15.354867,"best","list"
5,88,83.4862385321101,"gradual",32,10,15.1334495,"best","list"
5,88,84.4036697247707,"gradual",32,10,15.9518725,"best","list"
5,88,85.3211009174312,"gradual",32,10,15.3759185,"best","list"
5,88,86.2385321100918,"gradual",32,10,15.3027455,"best","list"
5,88,87.1559633027523,"gradual",32,10,15.811768,"best","list"
5,88,88.0733944954129,"gradual",32,10,16.033855,"best","list"
5,88,88.9908256880734,"gradual",32,10,15.8127155,"best","list"
5,88,89.9082568807339,"gradual",32,10,16.2774995,"best","list"
5,88,90.8256880733945,"gradual",32,10,25.949319,"best","list"
5,88,91.743119266055,"gradual",32,10,22.8053345,"best","list"
5,88,92.6605504587156,"gradual",32,10,22.517097,"best","list"
5,88,93.5779816513761,"gradual",32,10,22.5790545,"best","list"
5,88,94.4954128440367,"gradual",32,10,22.710834,"best","list"
5,88,95.4128440366973,"gradual",32,10,22.6762195,"best","list"
5,88,96.3302752293578,"gradual",32,10,22.7414345,"best","list"
5,88,97.2477064220184,"gradual",32,10,23.8587495,"best","list"
5,88,98.1651376146789,"gradual",32,10,32.302969,"best","list"
5,88,99.0825688073395,"gradual",32,10,8.459249,"best","list"
5,88,100,"gradual",32,10,1.9861205,"best","list"
5,95,0.917431192660551,"gradual",32,10,2.45367,"worst","list"
5,95,1.8348623853211,"gradual",32,10,2.311151,"worst","list"
5,95,2.75229357798165,"gradual",32,10,2.290576,"worst","list"
5,95,3.6697247706422,"gradual",32,10,2.8983285,"worst","list"
5,95,4.58715596330275,"gradual",32,10,2.909099,"worst","list"
5,95,5.5045871559633,"gradual",32,10,2.8743285,"worst","list"
5,95,6.42201834862385,"gradual",32,10,2.900934,"worst","list"
5,95,7.3394495412844,"gradual",32,10,2.928466,"worst","list"
5,95,8.25688073394496,"gradual",32,10,6.5444975,"worst","list"
5,95,9.1743119266055,"gradual",32,10,6.389842,"worst","list"
5,95,10.0917431192661,"gradual",32,10,6.935319,"worst","list"
5,95,11.0091743119266,"gradual",32,10,6.8344185,"worst","list"
5,95,11.9266055045872,"gradual",32,10,6.8636065,"worst","list"
5,95,12.8440366972477,"gradual",32,10,7.144121,"worst","list"
5,95,13.7614678899083,"gradual",32,10,7.8928465,"worst","list"
5,95,14.6788990825688,"gradual",32,10,7.86567,"worst","list"
5,95,15.5963302752294,"gradual",32,10,7.7542985,"worst","list"
5,95,16.5137614678899,"gradual",32,10,8.050782,"worst","list"
5,95,17.4311926605505,"gradual",32,10,7.874511,"worst","list"
5,95,18.348623853211,"gradual",32,10,7.868058,"worst","list"
5,95,19.2660550458716,"gradual",32,10,7.847992,"worst","list"
5,95,20.1834862385321,"gradual",32,10,7.88193,"worst","list"
5,95,21.1009174311927,"gradual",32,10,13.8229525,"worst","list"
5,95,22.0183486238532,"gradual",32,10,13.6451445,"worst","list"
5,95,22.9357798165138,"gradual",32,10,13.6764885,"worst","list"
5,95,23.8532110091743,"gradual",32,10,13.9021035,"worst","list"
5,95,24.7706422018349,"gradual",32,10,15.108788,"worst","list"
5,95,25.6880733944954,"gradual",32,10,14.976804,"worst","list"
5,95,26.605504587156,"gradual",32,10,14.88374,"worst","list"
5,95,27.5229357798165,"gradual",32,10,16.7265395,"worst","list"
5,95,28.4403669724771,"gradual",32,10,16.364355,"worst","list"
5,95,29.3577981651376,"gradual",32,10,16.311682,"worst","list"
5,95,30.2752293577982,"gradual",32,10,16.143388,"worst","list"
5,95,31.1926605504587,"gradual",32,10,18.121555,"worst","list"
5,95,32.1100917431193,"gradual",32,10,19.6924325,"worst","list"
5,95,33.0275229357798,"gradual",32,10,20.2876395,"worst","list"
5,95,33.9449541284404,"gradual",32,10,23.802421,"worst","list"
5,95,34.8623853211009,"gradual",32,10,23.230868,"worst","list"
5,95,35.7798165137615,"gradual",32,10,23.372805,"worst","list"
5,95,36.697247706422,"gradual",32,10,23.764114,"worst","list"
5,95,37.6146788990826,"gradual",32,10,23.3456715,"worst","list"
5,95,38.5321100917431,"gradual",32,10,26.696992,"worst","list"
5,95,39.4495412844037,"gradual",32,10,26.7925705,"worst","list"
5,95,40.3669724770642,"gradual",32,10,26.6465345,"worst","list"
5,95,41.2844036697248,"gradual",32,10,27.173032,"worst","list"
5,95,42.2018348623853,"gradual",32,10,29.04403,"worst","list"
5,95,43.1192660550459,"gradual",32,10,29.5756695,"worst","list"
5,95,44.0366972477064,"gradual",32,10,29.3299985,"worst","list"
5,95,44.954128440367,"gradual",32,10,29.6511675,"worst","list"
5,95,45.8715596330275,"gradual",32,10,29.641611,"worst","list"
5,95,46.7889908256881,"gradual",32,10,29.478141,"worst","list"
5,95,47.7064220183486,"gradual",32,10,29.6088435,"worst","list"
5,95,48.6238532110092,"gradual",32,10,29.2269325,"worst","list"
5,95,49.5412844036697,"gradual",32,10,29.4086295,"worst","list"
5,95,50.4587155963303,"gradual",32,10,29.1760445,"worst","list"
5,95,51.3761467889908,"gradual",32,10,36.0147235,"worst","list"
5,95,52.2935779816514,"gradual",32,10,36.1440925,"worst","list"
5,95,53.2110091743119,"gradual",32,10,36.305792,"worst","list"
5,95,54.1284403669725,"gradual",32,10,37.052308,"worst","list"
5,95,55.045871559633,"gradual",32,10,36.4352145,"worst","list"
5,95,55.9633027522936,"gradual",32,10,36.22706,"worst","list"
5,95,56.8807339449541,"gradual",32,10,37.212838,"worst","list"
5,95,57.7981651376147,"gradual",32,10,37.0549295,"worst","list"
5,95,58.7155963302752,"gradual",32,10,36.8920785,"worst","list"
5,95,59.6330275229358,"gradual",32,10,36.900028,"worst","list"
5,95,60.5504587155963,"gradual",32,10,36.550141,"worst","list"
5,95,61.4678899082569,"gradual",32,10,38.9929925,"worst","list"
5,95,62.3853211009174,"gradual",32,10,38.879982,"worst","list"
5,95,63.302752293578,"gradual",32,10,39.065881,"worst","list"
5,95,64.2201834862385,"gradual",32,10,38.700474,"worst","list"
5,95,65.1376146788991,"gradual",32,10,37.0185805,"worst","list"
5,95,66.0550458715596,"gradual",32,10,36.815357,"worst","list"
5,95,66.9724770642202,"gradual",32,10,37.0275955,"worst","list"
5,95,67.8899082568807,"gradual",32,10,37.071134,"worst","list"
5,95,68.8073394495413,"gradual",32,10,37.201563,"worst","list"
5,95,69.7247706422018,"gradual",32,10,37.4777635,"worst","list"
5,95,70.6422018348624,"gradual",32,10,36.998119,"worst","list"
5,95,71.5596330275229,"gradual",32,10,41.483759,"worst","list"
5,95,72.4770642201835,"gradual",32,10,37.4241985,"worst","list"
5,95,73.394495412844,"gradual",32,10,37.1563785,"worst","list"
5,95,74.3119266055046,"gradual",32,10,37.073316,"worst","list"
5,95,75.2293577981651,"gradual",32,10,37.272719,"worst","list"
5,95,76.1467889908257,"gradual",32,10,36.7539855,"worst","list"
5,95,77.0642201834862,"gradual",32,10,37.203572,"worst","list"
5,95,77.9816513761468,"gradual",32,10,36.8399875,"worst","list"
5,95,78.8990825688073,"gradual",32,10,37.6324475,"worst","list"
5,95,79.8165137614679,"gradual",32,10,36.882966,"worst","list"
5,95,80.7339449541284,"gradual",32,10,36.8817955,"worst","list"
5,95,81.651376146789,"gradual",32,10,36.445638,"worst","list"
5,95,82.5688073394495,"gradual",32,10,36.3895145,"worst","list"
5,95,83.4862385321101,"gradual",32,10,36.3420125,"worst","list"
5,95,84.4036697247707,"gradual",32,10,36.4833185,"worst","list"
5,95,85.3211009174312,"gradual",32,10,36.274653,"worst","list"
5,95,86.2385321100918,"gradual",32,10,36.480822,"worst","list"
5,95,87.1559633027523,"gradual",32,10,36.945152,"worst","list"
5,95,88.0733944954129,"gradual",32,10,37.143669,"worst","list"
5,95,88.9908256880734,"gradual",32,10,36.8180275,"worst","list"
5,95,89.9082568807339,"gradual",32,10,35.028767,"worst","list"
5,95,90.8256880733945,"gradual",32,10,34.6406325,"worst","list"
5,95,91.743119266055,"gradual",32,10,34.282951,"worst","list"
5,95,92.6605504587156,"gradual",32,10,34.6618895,"worst","list"
5,95,93.5779816513761,"gradual",32,10,34.734407,"worst","list"
5,95,94.4954128440367,"gradual",32,10,34.480443,"worst","list"
5,95,95.4128440366973,"gradual",32,10,22.946762,"worst","list"
5,95,96.3302752293578,"gradual",32,10,22.871401,"worst","list"
5,95,97.2477064220184,"gradual",32,10,7.112183,"worst","list"
5,95,98.1651376146789,"gradual",32,10,7.0972325,"worst","list"
5,95,99.0825688073395,"gradual",32,10,2.3603895,"worst","list"
5,95,100,"gradual",32,10,2.843081,"worst","list"
5,82,0.917431192660551,"dynamic",32,10,2.304287,"median","list"
5,82,1.8348623853211,"dynamic",32,10,2.3812985,"median","list"
5,82,2.75229357798165,"dynamic",32,10,3.096076,"median","list"
5,82,3.6697247706422,"dynamic",32,10,3.2351575,"median","list"
5,82,4.58715596330275,"dynamic",32,10,3.388705,"median","list"
5,82,5.5045871559633,"dynamic",32,10,3.139839,"median","list"
5,82,6.42201834862385,"dynamic",32,10,3.254934,"median","list"
5,82,7.3394495412844,"dynamic",32,10,3.089112,"median","list"
5,82,8.25688073394496,"dynamic",32,10,3.420432,"median","list"
5,82,9.1743119266055,"dynamic",32,10,3.2739165,"median","list"
5,82,10.0917431192661,"dynamic",32,10,3.2821825,"median","list"
5,82,11.0091743119266,"dynamic",32,10,3.882968,"median","list"
5,82,11.9266055045872,"dynamic",32,10,3.8731895,"median","list"
5,82,12.8440366972477,"dynamic",32,10,3.740181,"median","list"
5,82,13.7614678899083,"dynamic",32,10,3.732164,"median","list"
5,82,14.6788990825688,"dynamic",32,10,3.8024295,"median","list"
5,82,15.5963302752294,"dynamic",32,10,4.454167,"median","list"
5,82,16.5137614678899,"dynamic",32,10,3.769492,"median","list"
5,82,17.4311926605505,"dynamic",32,10,3.9498645,"median","list"
5,82,18.348623853211,"dynamic",32,10,3.936184,"median","list"
5,82,19.2660550458716,"dynamic",32,10,3.8391,"median","list"
5,82,20.1834862385321,"dynamic",32,10,4.060623,"median","list"
5,82,21.1009174311927,"dynamic",32,10,4.1309445,"median","list"
5,82,22.0183486238532,"dynamic",32,10,4.597991,"median","list"
5,82,22.9357798165138,"dynamic",32,10,7.6278785,"median","list"
5,82,23.8532110091743,"dynamic",32,10,7.4608115,"median","list"
5,82,24.7706422018349,"dynamic",32,10,11.3474475,"median","list"
5,82,25.6880733944954,"dynamic",32,10,11.1058295,"median","list"
5,82,26.605504587156,"dynamic",32,10,11.532987,"median","list"
5,82,27.5229357798165,"dynamic",32,10,11.5884565,"median","list"
5,82,28.4403669724771,"dynamic",32,10,11.3019645,"median","list"
5,82,29.3577981651376,"dynamic",32,10,11.33966,"median","list"
5,82,30.2752293577982,"dynamic",32,10,11.2458,"median","list"
5,82,31.1926605504587,"dynamic",32,10,11.2929325,"median","list"
5,82,32.1100917431193,"dynamic",32,10,11.4432605,"median","list"
5,82,33.0275229357798,"dynamic",32,10,11.377919,"median","list"
5,82,33.9449541284404,"dynamic",32,10,11.724057,"median","list"
5,82,34.8623853211009,"dynamic",32,10,11.720455,"median","list"
5,82,35.7798165137615,"dynamic",32,10,11.8423075,"median","list"
5,82,36.697247706422,"dynamic",32,10,11.904994,"median","list"
5,82,37.6146788990826,"dynamic",32,10,11.7145075,"median","list"
5,82,38.5321100917431,"dynamic",32,10,11.6394915,"median","list"
5,82,39.4495412844037,"dynamic",32,10,11.9375185,"median","list"
5,82,40.3669724770642,"dynamic",32,10,12.155344,"median","list"
5,82,41.2844036697248,"dynamic",32,10,12.458972,"median","list"
5,82,42.2018348623853,"dynamic",32,10,12.480332,"median","list"
5,82,43.1192660550459,"dynamic",32,10,12.4891335,"median","list"
5,82,44.0366972477064,"dynamic",32,10,12.4576295,"median","list"
5,82,44.954128440367,"dynamic",32,10,12.5149575,"median","list"
5,82,45.8715596330275,"dynamic",32,10,12.5097155,"median","list"
5,82,46.7889908256881,"dynamic",32,10,12.843511,"median","list"
5,82,47.7064220183486,"dynamic",32,10,12.9126695,"median","list"
5,82,48.6238532110092,"dynamic",32,10,13.360382,"median","list"
5,82,49.5412844036697,"dynamic",32,10,13.1081385,"median","list"
5,82,50.4587155963303,"dynamic",32,10,13.720677,"median","list"
5,82,51.3761467889908,"dynamic",32,10,13.1850375,"median","list"
5,82,52.2935779816514,"dynamic",32,10,13.1142635,"median","list"
5,82,53.2110091743119,"dynamic",32,10,13.395807,"median","list"
5,82,54.1284403669725,"dynamic",32,10,13.849829,"median","list"
5,82,55.045871559633,"dynamic",32,10,13.6875605,"median","list"
5,82,55.9633027522936,"dynamic",32,10,13.696161,"median","list"
5,82,56.8807339449541,"dynamic",32,10,13.6418545,"median","list"
5,82,57.7981651376147,"dynamic",32,10,13.732434,"median","list"
5,82,58.7155963302752,"dynamic",32,10,13.678345,"median","list"
5,82,59.6330275229358,"dynamic",32,10,13.7874075,"median","list"
5,82,60.5504587155963,"dynamic",32,10,14.0199045,"median","list"
5,82,61.4678899082569,"dynamic",32,10,14.0194465,"median","list"
5,82,62.3853211009174,"dynamic",32,10,20.1236155,"median","list"
5,82,63.302752293578,"dynamic",32,10,20.274911,"median","list"
5,82,64.2201834862385,"dynamic",32,10,20.2358835,"median","list"
5,82,65.1376146788991,"dynamic",32,10,20.5711225,"median","list"
5,82,66.0550458715596,"dynamic",32,10,20.645394,"median","list"
5,82,66.9724770642202,"dynamic",32,10,20.300641,"median","list"
5,82,67.8899082568807,"dynamic",32,10,20.7993955,"median","list"
5,82,68.8073394495413,"dynamic",32,10,20.601765,"median","list"
5,82,69.7247706422018,"dynamic",32,10,25.693127,"median","list"
5,82,70.6422018348624,"dynamic",32,10,26.5898125,"median","list"
5,82,71.5596330275229,"dynamic",32,10,26.5021605,"median","list"
5,82,72.4770642201835,"dynamic",32,10,26.753491,"median","list"
5,82,73.394495412844,"dynamic",32,10,26.4380875,"median","list"
5,82,74.3119266055046,"dynamic",32,10,26.5134545,"median","list"
5,82,75.2293577981651,"dynamic",32,10,26.3533605,"median","list"
5,82,76.1467889908257,"dynamic",32,10,32.120987,"median","list"
5,82,77.0642201834862,"dynamic",32,10,31.483903,"median","list"
5,82,77.9816513761468,"dynamic",32,10,31.768575,"median","list"
5,82,78.8990825688073,"dynamic",32,10,31.7150785,"median","list"
5,82,79.8165137614679,"dynamic",32,10,39.877973,"median","list"
5,82,80.7339449541284,"dynamic",32,10,40.6202265,"median","list"
5,82,81.651376146789,"dynamic",32,10,40.1871045,"median","list"
5,82,82.5688073394495,"dynamic",32,10,40.175881,"median","list"
5,82,83.4862385321101,"dynamic",32,10,40.3437225,"median","list"
5,82,84.4036697247707,"dynamic",32,10,40.497965,"median","list"
5,82,85.3211009174312,"dynamic",32,10,40.8439815,"median","list"
5,82,86.2385321100918,"dynamic",32,10,40.5603805,"median","list"
5,82,87.1559633027523,"dynamic",32,10,41.2443925,"median","list"
5,82,88.0733944954129,"dynamic",32,10,40.4693585,"median","list"
5,82,88.9908256880734,"dynamic",32,10,40.6579265,"median","list"
5,82,89.9082568807339,"dynamic",32,10,40.4473245,"median","list"
5,82,90.8256880733945,"dynamic",32,10,40.9171145,"median","list"
5,82,91.743119266055,"dynamic",32,10,41.275347,"median","list"
5,82,92.6605504587156,"dynamic",32,10,45.182794,"median","list"
5,82,93.5779816513761,"dynamic",32,10,40.7672655,"median","list"
5,82,94.4954128440367,"dynamic",32,10,40.8679405,"median","list"
5,82,95.4128440366973,"dynamic",32,10,40.4863525,"median","list"
5,82,96.3302752293578,"dynamic",32,10,41.502803,"median","list"
5,82,97.2477064220184,"dynamic",32,10,55.7631855,"median","list"
5,82,98.1651376146789,"dynamic",32,10,56.074225,"median","list"
5,82,99.0825688073395,"dynamic",32,10,43.27672,"median","list"
5,82,100,"dynamic",32,10,42.8013105,"median","list"
5,88,0.917431192660551,"dynamic",32,10,2.34099,"best","list"
5,88,1.8348623853211,"dynamic",32,10,2.3385785,"best","list"
5,88,2.75229357798165,"dynamic",32,10,2.916592,"best","list"
5,88,3.6697247706422,"dynamic",32,10,3.05182,"best","list"
5,88,4.58715596330275,"dynamic",32,10,3.364695,"best","list"
5,88,5.5045871559633,"dynamic",32,10,2.981943,"best","list"
5,88,6.42201834862385,"dynamic",32,10,3.025001,"best","list"
5,88,7.3394495412844,"dynamic",32,10,3.0357275,"best","list"
5,88,8.25688073394496,"dynamic",32,10,3.2671485,"best","list"
5,88,9.1743119266055,"dynamic",32,10,3.443388,"best","list"
5,88,10.0917431192661,"dynamic",32,10,3.489788,"best","list"
5,88,11.0091743119266,"dynamic",32,10,3.318481,"best","list"
5,88,11.9266055045872,"dynamic",32,10,3.387251,"best","list"
5,88,12.8440366972477,"dynamic",32,10,3.3604925,"best","list"
5,88,13.7614678899083,"dynamic",32,10,4.1096145,"best","list"
5,88,14.6788990825688,"dynamic",32,10,3.958913,"best","list"
5,88,15.5963302752294,"dynamic",32,10,4.0256115,"best","list"
5,88,16.5137614678899,"dynamic",32,10,4.188981,"best","list"
5,88,17.4311926605505,"dynamic",32,10,4.2949895,"best","list"
5,88,18.348623853211,"dynamic",32,10,4.043872,"best","list"
5,88,19.2660550458716,"dynamic",32,10,4.08928,"best","list"
5,88,20.1834862385321,"dynamic",32,10,3.980679,"best","list"
5,88,21.1009174311927,"dynamic",32,10,4.092327,"best","list"
5,88,22.0183486238532,"dynamic",32,10,7.71516,"best","list"
5,88,22.9357798165138,"dynamic",32,10,7.5952805,"best","list"
5,88,23.8532110091743,"dynamic",32,10,7.9194875,"best","list"
5,88,24.7706422018349,"dynamic",32,10,7.535422,"best","list"
5,88,25.6880733944954,"dynamic",32,10,7.4990625,"best","list"
5,88,26.605504587156,"dynamic",32,10,7.5562325,"best","list"
5,88,27.5229357798165,"dynamic",32,10,8.223326,"best","list"
5,88,28.4403669724771,"dynamic",32,10,8.2468625,"best","list"
5,88,29.3577981651376,"dynamic",32,10,8.3516135,"best","list"
5,88,30.2752293577982,"dynamic",32,10,8.1084235,"best","list"
5,88,31.1926605504587,"dynamic",32,10,8.019964,"best","list"
5,88,32.1100917431193,"dynamic",32,10,8.13726,"best","list"
5,88,33.0275229357798,"dynamic",32,10,8.6743555,"best","list"
5,88,33.9449541284404,"dynamic",32,10,8.539568,"best","list"
5,88,34.8623853211009,"dynamic",32,10,8.521014,"best","list"
5,88,35.7798165137615,"dynamic",32,10,8.980794,"best","list"
5,88,36.697247706422,"dynamic",32,10,8.703675,"best","list"
5,88,37.6146788990826,"dynamic",32,10,8.8120045,"best","list"
5,88,38.5321100917431,"dynamic",32,10,9.091375,"best","list"
5,88,39.4495412844037,"dynamic",32,10,9.144102,"best","list"
5,88,40.3669724770642,"dynamic",32,10,10.2247265,"best","list"
5,88,41.2844036697248,"dynamic",32,10,9.091731,"best","list"
5,88,42.2018348623853,"dynamic",32,10,9.346055,"best","list"
5,88,43.1192660550459,"dynamic",32,10,9.325083,"best","list"
5,88,44.0366972477064,"dynamic",32,10,9.186201,"best","list"
5,88,44.954128440367,"dynamic",32,10,9.214099,"best","list"
5,88,45.8715596330275,"dynamic",32,10,9.243947,"best","list"
5,88,46.7889908256881,"dynamic",32,10,9.1942755,"best","list"
5,88,47.7064220183486,"dynamic",32,10,10.4029625,"best","list"
5,88,48.6238532110092,"dynamic",32,10,9.176551,"best","list"
5,88,49.5412844036697,"dynamic",32,10,9.196341,"best","list"
5,88,50.4587155963303,"dynamic",32,10,9.2205305,"best","list"
5,88,51.3761467889908,"dynamic",32,10,9.1945255,"best","list"
5,88,52.2935779816514,"dynamic",32,10,9.496473,"best","list"
5,88,53.2110091743119,"dynamic",32,10,9.579042,"best","list"
5,88,54.1284403669725,"dynamic",32,10,9.5920885,"best","list"
5,88,55.045871559633,"dynamic",32,10,9.596537,"best","list"
5,88,55.9633027522936,"dynamic",32,10,9.7481545,"best","list"
5,88,56.8807339449541,"dynamic",32,10,9.74515,"best","list"
5,88,57.7981651376147,"dynamic",32,10,9.8757,"best","list"
5,88,58.7155963302752,"dynamic",32,10,9.597385,"best","list"
5,88,59.6330275229358,"dynamic",32,10,9.65172,"best","list"
5,88,60.5504587155963,"dynamic",32,10,9.685191,"best","list"
5,88,61.4678899082569,"dynamic",32,10,13.398449,"best","list"
5,88,62.3853211009174,"dynamic",32,10,13.5250245,"best","list"
5,88,63.302752293578,"dynamic",32,10,13.9073775,"best","list"
5,88,64.2201834862385,"dynamic",32,10,14.0827805,"best","list"
5,88,65.1376146788991,"dynamic",32,10,14.4931625,"best","list"
5,88,66.0550458715596,"dynamic",32,10,14.3757575,"best","list"
5,88,66.9724770642202,"dynamic",32,10,13.9857125,"best","list"
5,88,67.8899082568807,"dynamic",32,10,13.944364,"best","list"
5,88,68.8073394495413,"dynamic",32,10,14.0373205,"best","list"
5,88,69.7247706422018,"dynamic",32,10,14.1051995,"best","list"
5,88,70.6422018348624,"dynamic",32,10,14.5490755,"best","list"
5,88,71.5596330275229,"dynamic",32,10,14.0817055,"best","list"
5,88,72.4770642201835,"dynamic",32,10,16.2561195,"best","list"
5,88,73.394495412844,"dynamic",32,10,14.475672,"best","list"
5,88,74.3119266055046,"dynamic",32,10,14.5882185,"best","list"
5,88,75.2293577981651,"dynamic",32,10,15.0794735,"best","list"
5,88,76.1467889908257,"dynamic",32,10,14.583101,"best","list"
5,88,77.0642201834862,"dynamic",32,10,14.480124,"best","list"
5,88,77.9816513761468,"dynamic",32,10,14.5407695,"best","list"
5,88,78.8990825688073,"dynamic",32,10,15.053394,"best","list"
5,88,79.8165137614679,"dynamic",32,10,14.8747765,"best","list"
5,88,80.7339449541284,"dynamic",32,10,15.5745055,"best","list"
5,88,81.651376146789,"dynamic",32,10,15.4459185,"best","list"
5,88,82.5688073394495,"dynamic",32,10,15.5411375,"best","list"
5,88,83.4862385321101,"dynamic",32,10,15.3927175,"best","list"
5,88,84.4036697247707,"dynamic",32,10,15.441194,"best","list"
5,88,85.3211009174312,"dynamic",32,10,15.5350955,"best","list"
5,88,86.2385321100918,"dynamic",32,10,15.610315,"best","list"
5,88,87.1559633027523,"dynamic",32,10,15.5803695,"best","list"
5,88,88.0733944954129,"dynamic",32,10,16.2567535,"best","list"
5,88,88.9908256880734,"dynamic",32,10,16.1320745,"best","list"
5,88,89.9082568807339,"dynamic",32,10,16.337503,"best","list"
5,88,90.8256880733945,"dynamic",32,10,41.1371955,"best","list"
5,88,91.743119266055,"dynamic",32,10,41.1356115,"best","list"
5,88,92.6605504587156,"dynamic",32,10,40.868074,"best","list"
5,88,93.5779816513761,"dynamic",32,10,40.993418,"best","list"
5,88,94.4954128440367,"dynamic",32,10,40.9314525,"best","list"
5,88,95.4128440366973,"dynamic",32,10,41.5460645,"best","list"
5,88,96.3302752293578,"dynamic",32,10,40.9610705,"best","list"
5,88,97.2477064220184,"dynamic",32,10,41.867222,"best","list"
5,88,98.1651376146789,"dynamic",32,10,56.6759595,"best","list"
5,88,99.0825688073395,"dynamic",32,10,42.883056,"best","list"
5,88,100,"dynamic",32,10,42.910405,"best","list"
5,95,0.917431192660551,"dynamic",32,10,3.061762,"worst","list"
5,95,1.8348623853211,"dynamic",32,10,2.9151385,"worst","list"
5,95,2.75229357798165,"dynamic",32,10,2.8977015,"worst","list"
5,95,3.6697247706422,"dynamic",32,10,3.2437475,"worst","list"
5,95,4.58715596330275,"dynamic",32,10,3.103431,"worst","list"
5,95,5.5045871559633,"dynamic",32,10,6.939792,"worst","list"
5,95,6.42201834862385,"dynamic",32,10,10.141097,"worst","list"
5,95,7.3394495412844,"dynamic",32,10,10.1510095,"worst","list"
5,95,8.25688073394496,"dynamic",32,10,10.5935645,"worst","list"
5,95,9.1743119266055,"dynamic",32,10,10.7572385,"worst","list"
5,95,10.0917431192661,"dynamic",32,10,11.116856,"worst","list"
5,95,11.0091743119266,"dynamic",32,10,11.1638155,"worst","list"
5,95,11.9266055045872,"dynamic",32,10,11.2758985,"worst","list"
5,95,12.8440366972477,"dynamic",32,10,11.362141,"worst","list"
5,95,13.7614678899083,"dynamic",32,10,11.802901,"worst","list"
5,95,14.6788990825688,"dynamic",32,10,11.828277,"worst","list"
5,95,15.5963302752294,"dynamic",32,10,11.751088,"worst","list"
5,95,16.5137614678899,"dynamic",32,10,12.1471945,"worst","list"
5,95,17.4311926605505,"dynamic",32,10,12.053011,"worst","list"
5,95,18.348623853211,"dynamic",32,10,12.4061535,"worst","list"
5,95,19.2660550458716,"dynamic",32,10,12.3724525,"worst","list"
5,95,20.1834862385321,"dynamic",32,10,12.2407785,"worst","list"
5,95,21.1009174311927,"dynamic",32,10,21.360992,"worst","list"
5,95,22.0183486238532,"dynamic",32,10,19.358649,"worst","list"
5,95,22.9357798165138,"dynamic",32,10,19.1045505,"worst","list"
5,95,23.8532110091743,"dynamic",32,10,19.4275575,"worst","list"
5,95,24.7706422018349,"dynamic",32,10,19.0497645,"worst","list"
5,95,25.6880733944954,"dynamic",32,10,19.304091,"worst","list"
5,95,26.605504587156,"dynamic",32,10,19.2829395,"worst","list"
5,95,27.5229357798165,"dynamic",32,10,19.6606285,"worst","list"
5,95,28.4403669724771,"dynamic",32,10,19.1925095,"worst","list"
5,95,29.3577981651376,"dynamic",32,10,19.3993535,"worst","list"
5,95,30.2752293577982,"dynamic",32,10,19.4712635,"worst","list"
5,95,31.1926605504587,"dynamic",32,10,23.051171,"worst","list"
5,95,32.1100917431193,"dynamic",32,10,24.0676155,"worst","list"
5,95,33.0275229357798,"dynamic",32,10,24.924798,"worst","list"
5,95,33.9449541284404,"dynamic",32,10,25.4219765,"worst","list"
5,95,34.8623853211009,"dynamic",32,10,25.6405735,"worst","list"
5,95,35.7798165137615,"dynamic",32,10,25.4843075,"worst","list"
5,95,36.697247706422,"dynamic",32,10,25.601005,"worst","list"
5,95,37.6146788990826,"dynamic",32,10,25.635763,"worst","list"
5,95,38.5321100917431,"dynamic",32,10,25.440702,"worst","list"
5,95,39.4495412844037,"dynamic",32,10,25.389455,"worst","list"
5,95,40.3669724770642,"dynamic",32,10,25.496055,"worst","list"
5,95,41.2844036697248,"dynamic",32,10,26.0445665,"worst","list"
5,95,42.2018348623853,"dynamic",32,10,28.9634825,"worst","list"
5,95,43.1192660550459,"dynamic",32,10,28.97359,"worst","list"
5,95,44.0366972477064,"dynamic",32,10,29.321159,"worst","list"
5,95,44.954128440367,"dynamic",32,10,29.360403,"worst","list"
5,95,45.8715596330275,"dynamic",32,10,29.404945,"worst","list"
5,95,46.7889908256881,"dynamic",32,10,28.9711985,"worst","list"
5,95,47.7064220183486,"dynamic",32,10,29.024668,"worst","list"
5,95,48.6238532110092,"dynamic",32,10,28.98078,"worst","list"
5,95,49.5412844036697,"dynamic",32,10,29.340712,"worst","list"
5,95,50.4587155963303,"dynamic",32,10,29.3157245,"worst","list"
5,95,51.3761467889908,"dynamic",32,10,37.3107065,"worst","list"
5,95,52.2935779816514,"dynamic",32,10,37.0512805,"worst","list"
5,95,53.2110091743119,"dynamic",32,10,36.8703195,"worst","list"
5,95,54.1284403669725,"dynamic",32,10,37.6164205,"worst","list"
5,95,55.045871559633,"dynamic",32,10,37.8977155,"worst","list"
5,95,55.9633027522936,"dynamic",32,10,38.286106,"worst","list"
5,95,56.8807339449541,"dynamic",32,10,38.0202635,"worst","list"
5,95,57.7981651376147,"dynamic",32,10,38.0452945,"worst","list"
5,95,58.7155963302752,"dynamic",32,10,38.3529295,"worst","list"
5,95,59.6330275229358,"dynamic",32,10,38.4262435,"worst","list"
5,95,60.5504587155963,"dynamic",32,10,38.7336675,"worst","list"
5,95,61.4678899082569,"dynamic",32,10,39.89372,"worst","list"
5,95,62.3853211009174,"dynamic",32,10,40.04476,"worst","list"
5,95,63.302752293578,"dynamic",32,10,39.6903255,"worst","list"
5,95,64.2201834862385,"dynamic",32,10,40.387023,"worst","list"
5,95,65.1376146788991,"dynamic",32,10,40.6930625,"worst","list"
5,95,66.0550458715596,"dynamic",32,10,40.1444945,"worst","list"
5,95,66.9724770642202,"dynamic",32,10,40.829102,"worst","list"
5,95,67.8899082568807,"dynamic",32,10,40.2766705,"worst","list"
5,95,68.8073394495413,"dynamic",32,10,40.7451355,"worst","list"
5,95,69.7247706422018,"dynamic",32,10,39.8804895,"worst","list"
5,95,70.6422018348624,"dynamic",32,10,39.8916255,"worst","list"
5,95,71.5596330275229,"dynamic",32,10,40.2996095,"worst","list"
5,95,72.4770642201835,"dynamic",32,10,39.9286125,"worst","list"
5,95,73.394495412844,"dynamic",32,10,39.996661,"worst","list"
5,95,74.3119266055046,"dynamic",32,10,40.335821,"worst","list"
5,95,75.2293577981651,"dynamic",32,10,40.3498865,"worst","list"
5,95,76.1467889908257,"dynamic",32,10,40.1546095,"worst","list"
5,95,77.0642201834862,"dynamic",32,10,40.3325375,"worst","list"
5,95,77.9816513761468,"dynamic",32,10,40.314633,"worst","list"
5,95,78.8990825688073,"dynamic",32,10,41.5416105,"worst","list"
5,95,79.8165137614679,"dynamic",32,10,40.032334,"worst","list"
5,95,80.7339449541284,"dynamic",32,10,39.9543495,"worst","list"
5,95,81.651376146789,"dynamic",32,10,40.285265,"worst","list"
5,95,82.5688073394495,"dynamic",32,10,40.1108245,"worst","list"
5,95,83.4862385321101,"dynamic",32,10,40.1244285,"worst","list"
5,95,84.4036697247707,"dynamic",32,10,40.2770835,"worst","list"
5,95,85.3211009174312,"dynamic",32,10,40.0614895,"worst","list"
5,95,86.2385321100918,"dynamic",32,10,40.361926,"worst","list"
5,95,87.1559633027523,"dynamic",32,10,40.391552,"worst","list"
5,95,88.0733944954129,"dynamic",32,10,41.27322,"worst","list"
5,95,88.9908256880734,"dynamic",32,10,40.7533425,"worst","list"
5,95,89.9082568807339,"dynamic",32,10,40.804251,"worst","list"
5,95,90.8256880733945,"dynamic",32,10,41.364482,"worst","list"
5,95,91.743119266055,"dynamic",32,10,40.605668,"worst","list"
5,95,92.6605504587156,"dynamic",32,10,40.669351,"worst","list"
5,95,93.5779816513761,"dynamic",32,10,40.401251,"worst","list"
5,95,94.4954128440367,"dynamic",32,10,40.576093,"worst","list"
5,95,95.4128440366973,"dynamic",32,10,40.813695,"worst","list"
5,95,96.3302752293578,"dynamic",32,10,40.842638,"worst","list"
5,95,97.2477064220184,"dynamic",32,10,42.971414,"worst","list"
5,95,98.1651376146789,"dynamic",32,10,43.089686,"worst","list"
5,95,99.0825688073395,"dynamic",32,10,43.0069335,"worst","list"
5,95,100,"dynamic",32,10,43.72181,"worst","list"
5,82,0.917431192660551,"framing",32,10,2.4119325,"median","list"
5,82,1.8348623853211,"framing",32,10,2.381677,"median","list"
5,82,2.75229357798165,"framing",32,10,2.3114195,"median","list"
5,82,3.6697247706422,"framing",32,10,2.3449715,"median","list"
5,82,4.58715596330275,"framing",32,10,2.375114,"median","list"
5,82,5.5045871559633,"framing",32,10,2.346863,"median","list"
5,82,6.42201834862385,"framing",32,10,2.397571,"median","list"
5,82,7.3394495412844,"framing",32,10,2.2840595,"median","list"
5,82,8.25688073394496,"framing",32,10,2.426346,"median","list"
5,82,9.1743119266055,"framing",32,10,2.303615,"median","list"
5,82,10.0917431192661,"framing",32,10,2.3350755,"median","list"
5,82,11.0091743119266,"framing",32,10,2.355907,"median","list"
5,82,11.9266055045872,"framing",32,10,2.3262535,"median","list"
5,82,12.8440366972477,"framing",32,10,2.392393,"median","list"
5,82,13.7614678899083,"framing",32,10,2.3835485,"median","list"
5,82,14.6788990825688,"framing",32,10,2.269879,"median","list"
5,82,15.5963302752294,"framing",32,10,2.265665,"median","list"
5,82,16.5137614678899,"framing",32,10,2.3125885,"median","list"
5,82,17.4311926605505,"framing",32,10,2.352565,"median","list"
5,82,18.348623853211,"framing",32,10,2.3727145,"median","list"
5,82,19.2660550458716,"framing",32,10,2.3127585,"median","list"
5,82,20.1834862385321,"framing",32,10,2.315613,"median","list"
5,82,21.1009174311927,"framing",32,10,2.3358135,"median","list"
5,82,22.0183486238532,"framing",32,10,2.3195825,"median","list"
5,82,22.9357798165138,"framing",32,10,2.273321,"median","list"
5,82,23.8532110091743,"framing",32,10,2.2966635,"median","list"
5,82,24.7706422018349,"framing",32,10,2.406525,"median","list"
5,82,25.6880733944954,"framing",32,10,2.306745,"median","list"
5,82,26.605504587156,"framing",32,10,2.2541065,"median","list"
5,82,27.5229357798165,"framing",32,10,2.2647275,"median","list"
5,82,28.4403669724771,"framing",32,10,2.382377,"median","list"
5,82,29.3577981651376,"framing",32,10,2.356403,"median","list"
5,82,30.2752293577982,"framing",32,10,2.3741805,"median","list"
5,82,31.1926605504587,"framing",32,10,2.3353965,"median","list"
5,82,32.1100917431193,"framing",32,10,2.3108165,"median","list"
5,82,33.0275229357798,"framing",32,10,2.283743,"median","list"
5,82,33.9449541284404,"framing",32,10,2.3885795,"median","list"
5,82,34.8623853211009,"framing",32,10,2.3129805,"median","list"
5,82,35.7798165137615,"framing",32,10,2.36198,"median","list"
5,82,36.697247706422,"framing",32,10,2.6531905,"median","list"
5,82,37.6146788990826,"framing",32,10,2.331837,"median","list"
5,82,38.5321100917431,"framing",32,10,2.3874095,"median","list"
5,82,39.4495412844037,"framing",32,10,2.401578,"median","list"
5,82,40.3669724770642,"framing",32,10,2.321971,"median","list"
5,82,41.2844036697248,"framing",32,10,2.3957035,"median","list"
5,82,42.2018348623853,"framing",32,10,2.2768015,"median","list"
5,82,43.1192660550459,"framing",32,10,2.3520655,"median","list"
5,82,44.0366972477064,"framing",32,10,2.287236,"median","list"
5,82,44.954128440367,"framing",32,10,2.377085,"median","list"
5,82,45.8715596330275,"framing",32,10,2.3808095,"median","list"
5,82,46.7889908256881,"framing",32,10,2.3815355,"median","list"
5,82,47.7064220183486,"framing",32,10,2.323357,"median","list"
5,82,48.6238532110092,"framing",32,10,2.3051945,"median","list"
5,82,49.5412844036697,"framing",32,10,2.4507605,"median","list"
5,82,50.4587155963303,"framing",32,10,2.319791,"median","list"
5,82,51.3761467889908,"framing",32,10,2.3138485,"median","list"
5,82,52.2935779816514,"framing",32,10,2.343694,"median","list"
5,82,53.2110091743119,"framing",32,10,2.3053015,"median","list"
5,82,54.1284403669725,"framing",32,10,2.294452,"median","list"
5,82,55.045871559633,"framing",32,10,2.5962125,"median","list"
5,82,55.9633027522936,"framing",32,10,2.281335,"median","list"
5,82,56.8807339449541,"framing",32,10,2.6503575,"median","list"
5,82,57.7981651376147,"framing",32,10,2.374106,"median","list"
5,82,58.7155963302752,"framing",32,10,2.271435,"median","list"
5,82,59.6330275229358,"framing",32,10,2.4363525,"median","list"
5,82,60.5504587155963,"framing",32,10,2.4419135,"median","list"
5,82,61.4678899082569,"framing",32,10,2.556888,"median","list"
5,82,62.3853211009174,"framing",32,10,2.297357,"median","list"
5,82,63.302752293578,"framing",32,10,2.301078,"median","list"
5,82,64.2201834862385,"framing",32,10,2.363074,"median","list"
5,82,65.1376146788991,"framing",32,10,2.5997615,"median","list"
5,82,66.0550458715596,"framing",32,10,2.305444,"median","list"
5,82,66.9724770642202,"framing",32,10,2.4781275,"median","list"
5,82,67.8899082568807,"framing",32,10,2.3775605,"median","list"
5,82,68.8073394495413,"framing",32,10,2.330257,"median","list"
5,82,69.7247706422018,"framing",32,10,2.3355745,"median","list"
5,82,70.6422018348624,"framing",32,10,2.268221,"median","list"
5,82,71.5596330275229,"framing",32,10,2.4385895,"median","list"
5,82,72.4770642201835,"framing",32,10,2.289015,"median","list"
5,82,73.394495412844,"framing",32,10,2.269205,"median","list"
5,82,74.3119266055046,"framing",32,10,2.303818,"median","list"
5,82,75.2293577981651,"framing",32,10,2.308241,"median","list"
5,82,76.1467889908257,"framing",32,10,2.30951,"median","list"
5,82,77.0642201834862,"framing",32,10,2.327096,"median","list"
5,82,77.9816513761468,"framing",32,10,2.357699,"median","list"
5,82,78.8990825688073,"framing",32,10,2.365073,"median","list"
5,82,79.8165137614679,"framing",32,10,2.309271,"median","list"
5,82,80.7339449541284,"framing",32,10,2.3600945,"median","list"
5,82,81.651376146789,"framing",32,10,2.3623355,"median","list"
5,82,82.5688073394495,"framing",32,10,2.3370575,"median","list"
5,82,83.4862385321101,"framing",32,10,2.288728,"median","list"
5,82,84.4036697247707,"framing",32,10,2.4198015,"median","list"
5,82,85.3211009174312,"framing",32,10,2.267855,"median","list"
5,82,86.2385321100918,"framing",32,10,2.306952,"median","list"
5,82,87.1559633027523,"framing",32,10,2.2278245,"median","list"
5,82,88.0733944954129,"framing",32,10,2.3436395,"median","list"
5,82,88.9908256880734,"framing",32,10,2.3336065,"median","list"
5,82,89.9082568807339,"framing",32,10,2.339068,"median","list"
5,82,90.8256880733945,"framing",32,10,2.274505,"median","list"
5,82,91.743119266055,"framing",32,10,2.314563,"median","list"
5,82,92.6605504587156,"framing",32,10,2.937717,"median","list"
5,82,93.5779816513761,"framing",32,10,2.940912,"median","list"
5,82,94.4954128440367,"framing",32,10,2.9017435,"median","list"
5,82,95.4128440366973,"framing",32,10,2.927325,"median","list"
5,82,96.3302752293578,"framing",32,10,6.7062045,"median","list"
5,82,97.2477064220184,"framing",32,10,32.493087,"median","list"
5,82,98.1651376146789,"framing",32,10,32.3190985,"median","list"
5,82,99.0825688073395,"framing",32,10,30.7655785,"median","list"
5,82,100,"framing",32,10,30.7147835,"median","list"
5,88,0.917431192660551,"framing",32,10,2.658048,"best","list"
5,88,1.8348623853211,"framing",32,10,2.2655575,"best","list"
5,88,2.75229357798165,"framing",32,10,2.2308095,"best","list"
5,88,3.6697247706422,"framing",32,10,2.346689,"best","list"
5,88,4.58715596330275,"framing",32,10,2.304326,"best","list"
5,88,5.5045871559633,"framing",32,10,2.336418,"best","list"
5,88,6.42201834862385,"framing",32,10,2.326815,"best","list"
5,88,7.3394495412844,"framing",32,10,2.6428875,"best","list"
5,88,8.25688073394496,"framing",32,10,2.304774,"best","list"
5,88,9.1743119266055,"framing",32,10,2.318084,"best","list"
5,88,10.0917431192661,"framing",32,10,2.285202,"best","list"
5,88,11.0091743119266,"framing",32,10,2.375097,"best","list"
5,88,11.9266055045872,"framing",32,10,2.3501125,"best","list"
5,88,12.8440366972477,"framing",32,10,2.3542985,"best","list"
5,88,13.7614678899083,"framing",32,10,2.337907,"best","list"
5,88,14.6788990825688,"framing",32,10,2.3602955,"best","list"
5,88,15.5963302752294,"framing",32,10,2.263484,"best","list"
5,88,16.5137614678899,"framing",32,10,2.334877,"best","list"
5,88,17.4311926605505,"framing",32,10,2.279657,"best","list"
5,88,18.348623853211,"framing",32,10,2.278607,"best","list"
5,88,19.2660550458716,"framing",32,10,2.3848285,"best","list"
5,88,20.1834862385321,"framing",32,10,2.3367145,"best","list"
5,88,21.1009174311927,"framing",32,10,2.3445435,"best","list"
5,88,22.0183486238532,"framing",32,10,2.340503,"best","list"
5,88,22.9357798165138,"framing",32,10,2.304814,"best","list"
5,88,23.8532110091743,"framing",32,10,2.3197745,"best","list"
5,88,24.7706422018349,"framing",32,10,2.2895815,"best","list"
5,88,25.6880733944954,"framing",32,10,2.31791,"best","list"
5,88,26.605504587156,"framing",32,10,2.252379,"best","list"
5,88,27.5229357798165,"framing",32,10,2.376438,"best","list"
5,88,28.4403669724771,"framing",32,10,2.3570445,"best","list"
5,88,29.3577981651376,"framing",32,10,2.341898,"best","list"
5,88,30.2752293577982,"framing",32,10,2.580113,"best","list"
5,88,31.1926605504587,"framing",32,10,2.3695295,"best","list"
5,88,32.1100917431193,"framing",32,10,2.287585,"best","list"
5,88,33.0275229357798,"framing",32,10,2.3722155,"best","list"
5,88,33.9449541284404,"framing",32,10,2.2942755,"best","list"
5,88,34.8623853211009,"framing",32,10,2.3047405,"best","list"
5,88,35.7798165137615,"framing",32,10,2.283689,"best","list"
5,88,36.697247706422,"framing",32,10,2.3557855,"best","list"
5,88,37.6146788990826,"framing",32,10,2.269119,"best","list"
5,88,38.5321100917431,"framing",32,10,2.3110825,"best","list"
5,88,39.4495412844037,"framing",32,10,2.341517,"best","list"
5,88,40.3669724770642,"framing",32,10,2.4075045,"best","list"
5,88,41.2844036697248,"framing",32,10,2.2722315,"best","list"
5,88,42.2018348623853,"framing",32,10,2.313462,"best","list"
5,88,43.1192660550459,"framing",32,10,2.331179,"best","list"
5,88,44.0366972477064,"framing",32,10,2.3733705,"best","list"
5,88,44.954128440367,"framing",32,10,2.6124075,"best","list"
5,88,45.8715596330275,"framing",32,10,2.326282,"best","list"
5,88,46.7889908256881,"framing",32,10,2.299792,"best","list"
5,88,47.7064220183486,"framing",32,10,2.336554,"best","list"
5,88,48.6238532110092,"framing",32,10,2.2900655,"best","list"
5,88,49.5412844036697,"framing",32,10,2.3059445,"best","list"
5,88,50.4587155963303,"framing",32,10,2.333368,"best","list"
5,88,51.3761467889908,"framing",32,10,2.3107515,"best","list"
5,88,52.2935779816514,"framing",32,10,2.32752,"best","list"
5,88,53.2110091743119,"framing",32,10,2.717087,"best","list"
5,88,54.1284403669725,"framing",32,10,2.3414375,"best","list"
5,88,55.045871559633,"framing",32,10,2.357314,"best","list"
5,88,55.9633027522936,"framing",32,10,2.2392775,"best","list"
5,88,56.8807339449541,"framing",32,10,2.374825,"best","list"
5,88,57.7981651376147,"framing",32,10,2.2700005,"best","list"
5,88,58.7155963302752,"framing",32,10,2.3207125,"best","list"
5,88,59.6330275229358,"framing",32,10,2.276176,"best","list"
5,88,60.5504587155963,"framing",32,10,2.2858905,"best","list"
5,88,61.4678899082569,"framing",32,10,2.288892,"best","list"
5,88,62.3853211009174,"framing",32,10,2.27315,"best","list"
5,88,63.302752293578,"framing",32,10,2.27649,"best","list"
5,88,64.2201834862385,"framing",32,10,2.4214865,"best","list"
5,88,65.1376146788991,"framing",32,10,2.4238945,"best","list"
5,88,66.0550458715596,"framing",32,10,2.363119,"best","list"
5,88,66.9724770642202,"framing",32,10,2.300844,"best","list"
5,88,67.8899082568807,"framing",32,10,2.320917,"best","list"
5,88,68.8073394495413,"framing",32,10,2.3811185,"best","list"
5,88,69.7247706422018,"framing",32,10,2.3134215,"best","list"
5,88,70.6422018348624,"framing",32,10,2.275517,"best","list"
5,88,71.5596330275229,"framing",32,10,2.464651,"best","list"
5,88,72.4770642201835,"framing",32,10,2.3713405,"best","list"
5,88,73.394495412844,"framing",32,10,2.301979,"best","list"
5,88,74.3119266055046,"framing",32,10,2.3010695,"best","list"
5,88,75.2293577981651,"framing",32,10,2.330795,"best","list"
5,88,76.1467889908257,"framing",32,10,2.3373975,"best","list"
5,88,77.0642201834862,"framing",32,10,2.3213145,"best","list"
5,88,77.9816513761468,"framing",32,10,2.3285365,"best","list"
5,88,78.8990825688073,"framing",32,10,2.4099715,"best","list"
5,88,79.8165137614679,"framing",32,10,2.3116995,"best","list"
5,88,80.7339449541284,"framing",32,10,2.324685,"best","list"
5,88,81.651376146789,"framing",32,10,2.3756395,"best","list"
5,88,82.5688073394495,"framing",32,10,2.311231,"best","list"
5,88,83.4862385321101,"framing",32,10,2.3201145,"best","list"
5,88,84.4036697247707,"framing",32,10,2.3043135,"best","list"
5,88,85.3211009174312,"framing",32,10,2.8019985,"best","list"
5,88,86.2385321100918,"framing",32,10,2.3082345,"best","list"
5,88,87.1559633027523,"framing",32,10,2.3469495,"best","list"
5,88,88.0733944954129,"framing",32,10,2.361913,"best","list"
5,88,88.9908256880734,"framing",32,10,2.371038,"best","list"
5,88,89.9082568807339,"framing",32,10,2.3627945,"best","list"
5,88,90.8256880733945,"framing",32,10,2.3037385,"best","list"
5,88,91.743119266055,"framing",32,10,2.3139435,"best","list"
5,88,92.6605504587156,"framing",32,10,2.325788,"best","list"
5,88,93.5779816513761,"framing",32,10,2.322225,"best","list"
5,88,94.4954128440367,"framing",32,10,2.3006655,"best","list"
5,88,95.4128440366973,"framing",32,10,2.3669935,"best","list"
5,88,96.3302752293578,"framing",32,10,2.308311,"best","list"
5,88,97.2477064220184,"framing",32,10,5.846242,"best","list"
5,88,98.1651376146789,"framing",32,10,32.17847,"best","list"
5,88,99.0825688073395,"framing",32,10,29.647288,"best","list"
5,88,100,"framing",32,10,31.27414,"best","list"
5,95,0.917431192660551,"framing",32,10,2.3055665,"worst","list"
5,95,1.8348623853211,"framing",32,10,2.317749,"worst","list"
5,95,2.75229357798165,"framing",32,10,2.309549,"worst","list"
5,95,3.6697247706422,"framing",32,10,2.3667735,"worst","list"
5,95,4.58715596330275,"framing",32,10,2.3480085,"worst","list"
5,95,5.5045871559633,"framing",32,10,2.3342665,"worst","list"
5,95,6.42201834862385,"framing",32,10,2.3004135,"worst","list"
5,95,7.3394495412844,"framing",32,10,2.291302,"worst","list"
5,95,8.25688073394496,"framing",32,10,2.426071,"worst","list"
5,95,9.1743119266055,"framing",32,10,2.2758235,"worst","list"
5,95,10.0917431192661,"framing",32,10,2.319638,"worst","list"
5,95,11.0091743119266,"framing",32,10,2.3880565,"worst","list"
5,95,11.9266055045872,"framing",32,10,2.3121105,"worst","list"
5,95,12.8440366972477,"framing",32,10,2.308449,"worst","list"
5,95,13.7614678899083,"framing",32,10,2.3676615,"worst","list"
5,95,14.6788990825688,"framing",32,10,2.3216895,"worst","list"
5,95,15.5963302752294,"framing",32,10,2.4299395,"worst","list"
5,95,16.5137614678899,"framing",32,10,2.276067,"worst","list"
5,95,17.4311926605505,"framing",32,10,2.343479,"worst","list"
5,95,18.348623853211,"framing",32,10,2.3462075,"worst","list"
5,95,19.2660550458716,"framing",32,10,2.3387765,"worst","list"
5,95,20.1834862385321,"framing",32,10,2.3344425,"worst","list"
5,95,21.1009174311927,"framing",32,10,2.3551765,"worst","list"
5,95,22.0183486238532,"framing",32,10,2.331216,"worst","list"
5,95,22.9357798165138,"framing",32,10,2.3233995,"worst","list"
5,95,23.8532110091743,"framing",32,10,2.403555,"worst","list"
5,95,24.7706422018349,"framing",32,10,2.3849365,"worst","list"
5,95,25.6880733944954,"framing",32,10,2.2151755,"worst","list"
5,95,26.605504587156,"framing",32,10,2.309856,"worst","list"
5,95,27.5229357798165,"framing",32,10,2.3696605,"worst","list"
5,95,28.4403669724771,"framing",32,10,2.2793325,"worst","list"
5,95,29.3577981651376,"framing",32,10,2.3642375,"worst","list"
5,95,30.2752293577982,"framing",32,10,2.3144725,"worst","list"
5,95,31.1926605504587,"framing",32,10,2.349252,"worst","list"
5,95,32.1100917431193,"framing",32,10,2.8010365,"worst","list"
5,95,33.0275229357798,"framing",32,10,2.3519215,"worst","list"
5,95,33.9449541284404,"framing",32,10,2.266544,"worst","list"
5,95,34.8623853211009,"framing",32,10,2.3480315,"worst","list"
5,95,35.7798165137615,"framing",32,10,2.364662,"worst","list"
5,95,36.697247706422,"framing",32,10,2.347043,"worst","list"
5,95,37.6146788990826,"framing",32,10,2.324455,"worst","list"
5,95,38.5321100917431,"framing",32,10,2.3574895,"worst","list"
5,95,39.4495412844037,"framing",32,10,2.579347,"worst","list"
5,95,40.3669724770642,"framing",32,10,2.374021,"worst","list"
5,95,41.2844036697248,"framing",32,10,2.326783,"worst","list"
5,95,42.2018348623853,"framing",32,10,2.306704,"worst","list"
5,95,43.1192660550459,"framing",32,10,2.331917,"worst","list"
5,95,44.0366972477064,"framing",32,10,2.3627235,"worst","list"
5,95,44.954128440367,"framing",32,10,2.347784,"worst","list"
5,95,45.8715596330275,"framing",32,10,2.4243765,"worst","list"
5,95,46.7889908256881,"framing",32,10,2.3247095,"worst","list"
5,95,47.7064220183486,"framing",32,10,2.4271495,"worst","list"
5,95,48.6238532110092,"framing",32,10,2.338372,"worst","list"
5,95,49.5412844036697,"framing",32,10,2.532535,"worst","list"
5,95,50.4587155963303,"framing",32,10,2.3327935,"worst","list"
5,95,51.3761467889908,"framing",32,10,2.3403235,"worst","list"
5,95,52.2935779816514,"framing",32,10,2.375673,"worst","list"
5,95,53.2110091743119,"framing",32,10,2.317415,"worst","list"
5,95,54.1284403669725,"framing",32,10,2.5227115,"worst","list"
5,95,55.045871559633,"framing",32,10,2.305012,"worst","list"
5,95,55.9633027522936,"framing",32,10,2.313883,"worst","list"
5,95,56.8807339449541,"framing",32,10,2.312029,"worst","list"
5,95,57.7981651376147,"framing",32,10,2.2956165,"worst","list"
5,95,58.7155963302752,"framing",32,10,2.3210835,"worst","list"
5,95,59.6330275229358,"framing",32,10,2.4158915,"worst","list"
5,95,60.5504587155963,"framing",32,10,2.4519515,"worst","list"
5,95,61.4678899082569,"framing",32,10,2.7880305,"worst","list"
5,95,62.3853211009174,"framing",32,10,2.4524105,"worst","list"
5,95,63.302752293578,"framing",32,10,2.356272,"worst","list"
5,95,64.2201834862385,"framing",32,10,2.393934,"worst","list"
5,95,65.1376146788991,"framing",32,10,2.315269,"worst","list"
5,95,66.0550458715596,"framing",32,10,2.3270935,"worst","list"
5,95,66.9724770642202,"framing",32,10,2.3410645,"worst","list"
5,95,67.8899082568807,"framing",32,10,2.2982755,"worst","list"
5,95,68.8073394495413,"framing",32,10,2.324079,"worst","list"
5,95,69.7247706422018,"framing",32,10,2.300045,"worst","list"
5,95,70.6422018348624,"framing",32,10,2.3991905,"worst","list"
5,95,71.5596330275229,"framing",32,10,2.4028205,"worst","list"
5,95,72.4770642201835,"framing",32,10,2.3343975,"worst","list"
5,95,73.394495412844,"framing",32,10,2.2805525,"worst","list"
5,95,74.3119266055046,"framing",32,10,2.359082,"worst","list"
5,95,75.2293577981651,"framing",32,10,2.3268615,"worst","list"
5,95,76.1467889908257,"framing",32,10,2.3424695,"worst","list"
5,95,77.0642201834862,"framing",32,10,2.503993,"worst","list"
5,95,77.9816513761468,"framing",32,10,2.336329,"worst","list"
5,95,78.8990825688073,"framing",32,10,2.438984,"worst","list"
5,95,79.8165137614679,"framing",32,10,2.314442,"worst","list"
5,95,80.7339449541284,"framing",32,10,2.3008715,"worst","list"
5,95,81.651376146789,"framing",32,10,2.3966095,"worst","list"
5,95,82.5688073394495,"framing",32,10,2.3068355,"worst","list"
5,95,83.4862385321101,"framing",32,10,2.29996,"worst","list"
5,95,84.4036697247707,"framing",32,10,2.365424,"worst","list"
5,95,85.3211009174312,"framing",32,10,2.3244535,"worst","list"
5,95,86.2385321100918,"framing",32,10,2.475053,"worst","list"
5,95,87.1559633027523,"framing",32,10,2.3390095,"worst","list"
5,95,88.0733944954129,"framing",32,10,2.9325865,"worst","list"
5,95,88.9908256880734,"framing",32,10,3.122109,"worst","list"
5,95,89.9082568807339,"framing",32,10,2.9174925,"worst","list"
5,95,90.8256880733945,"framing",32,10,3.0415965,"worst","list"
5,95,91.743119266055,"framing",32,10,3.0196865,"worst","list"
5,95,92.6605504587156,"framing",32,10,2.883677,"worst","list"
5,95,93.5779816513761,"framing",32,10,3.2336395,"worst","list"
5,95,94.4954128440367,"framing",32,10,2.773359,"worst","list"
5,95,95.4128440366973,"framing",32,10,2.8870505,"worst","list"
5,95,96.3302752293578,"framing",32,10,3.1868325,"worst","list"
5,95,97.2477064220184,"framing",32,10,26.822779,"worst","list"
5,95,98.1651376146789,"framing",32,10,26.992929,"worst","list"
5,95,99.0825688073395,"framing",32,10,30.245681,"worst","list"
5,95,100,"framing",32,10,30.2828555,"worst","list"
