"program_id","permutation_id","path_id","level_id","gradual_median","stress","dynamic_median","framing_median","diff","pdiff","example","classification","completion_percentage","context_name","spec_type","expr_type"
4,7362,23,37,11.074478,128,9.321088,8.7542395,-32.308446,-74.5,"avlja","min",19.4,"preOrder","fold","pred"
4,12100,28,50,14.53948,128,57.0393005,8.5467095,-37.255283,-71.9,"avlja","min",26.2,"preOrder","fold","pred"
4,5383,21,88,118.3481305,128,176.631215,8.6416195,-54.1401985,-31.4,"avlja","min",46.1,"preOrder","fold","pred"
4,8929,24,108,93.2734165,128,192.6846865,8.653517,-34.4397375,-27,"avlja","min",56.5,"preOrder","unfold","pred"
4,13781,31,117,152.8038,128,191.1357135,9.7619445,-36.048038,-19.1,"avlja","min",61.3,"preOrder","unfold","pred"
4,5642,21,130,105.746177,128,224.594053,8.7277735,-35.8595435,-25.3,"avlja","min",68.1,"preOrder","unfold","pred"
4,14193,32,132,94.3995045,128,212.425492,12.220172,-56.6822025,-37.5,"avlja","min",69.1,"preOrder","fold","pred"
4,6828,22,139,70.743619,128,109.8418705,9.65042,-39.9660085,-36.1,"avlja","min",72.8,"preOrder","fold","pred"
4,11722,27,147,64.2310235,128,110.5653835,10.6775265,-39.851883,-38.3,"avlja","min",77,"preOrder","fold","pred"
4,10234,25,157,123.9287055,128,169.0216085,9.4368605,-38.623427,-23.8,"avlja","min",82.2,"preOrder","unfold","pred"
4,13873,31,163,122.6507865,128,254.330934,11.7978235,-60.8590595,-33.2,"avlja","min",85.3,"preOrder","fold","pred"
4,13037,29,168,70.150781,128,235.0423945,124.6542145,-61.9874285,-46.9,"avlja","min",88,"avlh","pred","rem_imp"
4,13513,30,174,16.334399,64,53.984979,29.0939745,-26.960387,-62.3,"avlja","min",91.1,"preOrder","post","rem_imp"
4,13513,30,174,58.007766,128,234.9999495,123.1919185,-122.36015,-67.8,"avlja","min",91.1,"preOrder","post","rem_imp"
4,14287,32,179,14.6469895,64,53.7464595,29.7798175,-27.0877125,-64.9,"avlja","min",93.7,"preOrder","post","rem_imp"
4,14287,32,179,54.8190975,128,235.7136325,123.027562,-122.016323,-69,"avlja","min",93.7,"preOrder","post","rem_imp"
4,4803,20,182,54.5832535,128,234.8577045,123.0631705,-63.899906,-53.9,"avlja","min",95.3,"avlh","pred","rem_imp"
4,10342,25,184,46.7861425,128,252.9142725,157.102413,-73.8044955,-61.2,"avlja","min",96.3,"avlh","pred","rem_imp"
4,13914,31,184,14.566041,64,53.90402,29.512435,-26.9346705,-64.9,"avlja","min",96.3,"preOrder","post","rem_imp"
4,13914,31,184,54.8753595,128,235.0988645,123.8526545,-121.8992745,-69,"avlja","min",96.3,"preOrder","post","rem_imp"
4,1374,17,186,55.836606,128,235.586611,123.510501,-63.8500515,-53.3,"avlja","min",97.4,"avlh","pred","rem_imp"
4,8256,23,186,53.8516425,128,235.661727,123.140279,-62.3136235,-53.6,"avlja","min",97.4,"preOrder","pre","rem_imp"
4,11877,27,186,54.674488,128,236.1540685,124.296679,-63.3164465,-53.7,"avlja","min",97.4,"avlh","pred","rem_imp"
4,9402,24,187,63.830252,128,235.8576485,124.147171,-61.845271,-49.2,"avlja","min",97.9,"avlh","pred","rem_imp"
4,3678,19,188,43.946865,128,252.6143135,156.2002635,-74.1622155,-62.8,"avlja","min",98.4,"avlh","pred","rem_imp"
4,7121,22,188,43.5167075,128,252.27179,156.56386,-74.5118465,-63.1,"avlja","min",98.4,"avlh","pred","rem_imp"
4,12523,28,188,44.789428,128,253.453929,156.325695,-86.316778,-65.8,"avlja","min",98.4,"preOrder","pre","rem_imp"
4,11124,26,189,146.8321325,128,335.1236255,175.382824,-29.0501975,-16.5,"avlja","min",99,"rightRotate","post","rem_imp"
4,13926,31,190,3.6431235,128,253.0123495,156.4521355,-46.197385,-92.7,"avlja","min",99.5,"insert","post","rem_imp"
4,1403,17,191,3.806554,128,252.636237,156.492297,-46.4027095,-92.4,"avlja","min",100,"insert","post","rem_imp"
4,2532,18,191,3.7457375,128,252.3148915,156.7327525,-114.3278425,-96.8,"avlja","min",100,"avlh","pred","rem_imp"
4,3696,19,191,3.7336075,128,252.5999245,156.6179265,-40.1865545,-91.5,"avlja","min",100,"right","pred","rem_imp"
4,4859,20,191,3.9725385,128,252.479581,156.518152,-39.6276345,-90.9,"avlja","min",100,"leftRotate","pre","rem_imp"
4,6009,21,191,3.7808215,128,252.7226565,156.217742,-114.575762,-96.8,"avlja","min",100,"avlh","pred","rem_imp"
4,7139,22,191,3.767906,128,252.786335,156.177375,-39.101115,-91.2,"avlja","min",100,"newNode","pre","rem_imp"
4,8286,23,191,4.0599235,128,253.7264,156.9479915,-45.691651,-91.8,"avlja","min",100,"insert","post","rem_imp"
4,9427,24,191,3.7342045,128,252.5015275,156.2661565,-46.216762,-92.5,"avlja","min",100,"insert","post","rem_imp"
4,10370,25,191,3.8611795,128,253.496579,156.5879575,-39.2886795,-91.1,"avlja","min",100,"rightRotate","pre","rem_imp"
4,11132,26,191,2.392572,64,58.6196555,37.2225625,-32.0045655,-93,"avlja","min",100,"preOrder","post","rem_imp"
4,11132,26,191,3.6263955,128,252.719889,156.492909,-143.466379,-97.5,"avlja","min",100,"preOrder","post","rem_imp"
4,11897,27,191,3.788268,128,252.2820805,156.8840385,-46.4205105,-92.5,"avlja","min",100,"insert","post","rem_imp"
4,12532,28,191,4.101033,128,253.05987,156.304913,-39.701089,-90.6,"avlja","min",100,"right","pred","rem_imp"
4,14312,32,191,3.817999,128,252.743997,156.485854,-40.012782,-91.3,"avlja","min",100,"right","pred","rem_imp"
4,4917,21,10,42.1684535,128,8.7986185,8.6998475,33.7497705,400.9,"avlja","max",5.4,"preOrder","post","pred"
4,11186,27,13,43.509594,128,9.067533,8.55258,34.4385155,379.7,"avlja","max",7,"preOrder","pre","pred"
4,2653,19,18,46.006792,128,48.3846215,8.6662055,36.7318765,396,"avlja","max",9.7,"preOrder","pre","pred"
4,7255,23,19,42.18763,128,9.4358465,8.8283425,33.675642,395.6,"avlja","max",10.2,"preOrder","post","pred"
4,1550,18,26,50.909192,128,49.8479835,9.0707975,38.670227,316,"avlja","max",14,"preOrder","pre","pred"
4,13194,30,29,47.5870175,128,50.676461,8.8918085,38.5534805,426.8,"avlja","max",15.6,"preOrder","pre","pred"
4,12031,28,33,47.2879025,128,47.2545485,8.575173,38.739207,453.2,"avlja","max",17.7,"preOrder","post","pred"
4,446,17,36,43.3352935,128,10.1826285,8.671292,34.968597,417.9,"avlja","max",19.4,"preOrder","pre","pred"
4,5160,21,51,98.0673095,128,101.137131,9.092084,41.1103445,72.2,"avlja","max",27.4,"preOrder","pre","pred"
4,13654,31,53,21.008084,64,22.890514,3.519277,15.290864,267.5,"avlja","max",28.5,"preOrder","post","pred"
4,13654,31,53,85.6732775,128,88.350793,8.6051015,69.0070945,414.1,"avlja","max",28.5,"preOrder","post","pred"
4,6344,22,56,48.2673465,128,49.4054995,8.5756695,37.967239,368.6,"avlja","max",30.1,"preOrder","post","pred"
4,13671,31,62,36.049491,64,37.8101535,3.7011145,15.1254335,72.3,"avlja","max",33.3,"preOrder","pre","pred"
4,13671,31,62,153.3640635,128,157.0304005,8.745645,68.5068835,80.7,"avlja","max",33.3,"preOrder","pre","pred"
4,5286,21,72,168.1491345,128,176.528549,8.776136,63.7573115,61.1,"avlja","max",38.7,"avlh","pred","pred"
4,12209,28,83,47.1398575,128,92.8841685,8.678151,26.4014565,127.3,"avlja","max",44.6,"avlh","pred","pred"
4,13715,31,84,184.4570305,128,189.920289,8.6066195,18.6569355,11.3,"avlja","max",45.2,"avlh","pred","acc"
4,9927,25,90,53.564298,128,19.1047665,8.7990755,19.7052865,58.2,"avlja","max",48.4,"insert","fold","pred"
4,12230,28,90,65.5872,128,107.7421605,8.751657,17.317372,35.9,"avlja","max",48.4,"insert","post","pred"
4,8825,24,91,59.3535825,128,114.7634655,8.523508,18.8858855,46.7,"avlja","max",48.9,"insert","post","pred"
4,8837,24,93,127.983768,128,190.683748,8.8216845,68.4614785,115,"avlja","max",50,"preOrder","pre","pred"
4,9947,25,94,95.6595915,128,66.507237,8.724664,51.4970585,116.6,"avlja","max",50.5,"preOrder","pre","pred"
4,1964,18,95,93.6118315,128,110.027675,8.571465,21.802398,30.4,"avlja","max",51.1,"avlh","pred","pred"
4,6584,22,97,92.560889,128,95.6457465,8.7942125,38.65674,71.7,"avlja","max",52.2,"preOrder","pre","pred"
4,14123,32,97,66.0682125,128,68.3055585,11.076894,49.35425,295.3,"avlja","max",52.2,"preOrder","post","pred"
4,1985,18,99,112.063281,128,110.379218,8.7136765,18.252288,19.5,"avlja","max",53.2,"insert","fold","pred"
4,12834,29,100,71.840253,128,108.6991075,8.6001455,45.816376,176.1,"avlja","max",53.8,"preOrder","pre","pred"
4,4302,20,101,56.076584,128,94.918309,8.7872005,38.4700045,218.5,"avlja","max",54.3,"preOrder","pre","pred"
4,11538,27,101,90.4167945,128,94.6935535,11.395238,37.6338015,71.3,"avlja","max",54.3,"preOrder","post","pred"
4,14149,32,110,122.3592305,128,134.425184,11.569438,52.461692,75.1,"avlja","max",59.1,"avlh","pred","pred"
4,12331,28,124,105.9208245,128,201.1141595,8.616135,18.6284735,21.3,"avlja","max",66.7,"preOrder","pre","pred"
4,14191,32,131,151.081707,128,212.404654,11.699786,26.198722,21,"avlja","max",70.4,"preOrder","pre","pred"
4,2183,18,132,139.1486805,128,217.578507,9.4118075,15.210938,12.3,"avlja","max",71,"left","pred","acc"
4,3372,19,137,112.427119,128,227.4704535,11.409318,56.7449055,101.9,"avlja","max",73.7,"avlh","pred","pred"
4,10922,26,138,65.1782595,128,64.4747885,12.1837055,38.845721,147.5,"avlja","max",74.2,"preOrder","pre","pred"
4,6842,22,141,95.823941,128,186.8141955,9.721272,24.838796,35,"avlja","max",75.8,"avlh","pred","pred"
4,13448,30,141,109.5736315,128,135.1704485,11.1239055,34.9617395,46.9,"avlja","max",75.8,"avlh","pred","pred"
4,10198,25,148,167.9123155,128,149.445638,9.3545315,81.771669,94.9,"avlja","max",79.6,"avlh","pred","pred"
4,13475,30,155,184.3536545,128,295.834217,141.8156915,60.0175345,48.3,"avlja","max",83.3,"preOrder","pre","rem_imp"
4,13025,29,164,119.001091,128,226.3996665,12.5200095,36.3981155,44.1,"avlja","max",88.2,"avlh","pred","pred"
4,11045,26,169,118.1304015,128,255.694206,11.281245,64.444998,120,"avlja","max",90.9,"avlh","pred","pred"
4,4749,20,173,121.1765915,128,255.53088,12.877064,63.8953515,111.5,"avlja","max",93,"avlh","pred","pred"
4,1305,17,175,117.5990115,128,253.438795,11.7392995,38.966749,49.6,"avlja","max",94.1,"avlh","pred","pred"
4,10306,25,175,137.003069,128,172.6515705,12.7132295,15.9048925,13.1,"avlja","max",94.1,"main","post","bool"
4,14279,32,175,174.2016505,128,316.904223,141.9559255,59.0910085,51.3,"avlja","max",94.1,"avlh","pred","rem_imp"
4,11842,27,177,103.571585,128,219.2343375,11.819934,30.4010825,41.5,"avlja","max",95.2,"avlh","pred","pred"
4,13901,31,177,179.4548325,128,315.858686,142.7666265,59.713427,49.9,"avlja","max",95.2,"preOrder","pre","rem_imp"
4,8212,23,179,116.902978,128,171.886804,12.9804135,77.8600775,199.4,"avlja","max",96.2,"avlh","pred","pred"
4,11112,26,186,170.816347,128,336.9134545,176.2235785,52.3436825,44.2,"avlja","max",100,"avlh","pred","rem_imp"
6,11604,74,45,12.476936,128,63.2249485,10.423017,-50.51414,-80.2,"bst","min",20.7,"tree_main_lemma_bst","fold","pred"
6,10815,73,65,111.531909,128,193.182791,10.5220275,-70.059652,-38.6,"bst","min",30,"tree_main_lemma_bst","fold","pred"
6,14656,80,115,142.728976,128,249.423922,11.449214,-73.4482385,-34,"bst","min",53,"tree_main_lemma_bst","fold","pred"
6,14148,78,123,125.1024205,128,206.1760595,10.8384245,-51.2085015,-29,"bst","min",56.7,"tree_main_lemma_bst","fold","pred"
6,7917,70,164,101.6251845,128,294.1168855,11.9722315,-64.608443,-38.9,"bst","min",75.6,"tree_main_lemma_bst","fold","pred"
6,9245,71,168,204.376973,128,499.3725855,12.108236,-55.6393355,-21.4,"bst","min",77.4,"tree","pred","pred"
6,10360,72,168,161.3163,128,437.326214,10.4760895,-48.607923,-23.2,"bst","min",77.4,"tree_main_lemma_bst","unfold","pred"
6,5344,68,173,114.701509,128,291.2593865,11.748386,-53.8194095,-31.9,"bst","min",79.7,"tree_main_lemma_bst","fold","pred"
6,2804,66,184,264.8186615,128,682.570843,214.874649,-47.9406035,-15.3,"bst","min",84.8,"tree_main_lemma_bst","unfold","pred"
6,6722,69,184,223.9435795,128,558.6611105,11.584599,-64.4500315,-22.3,"bst","min",84.8,"tree_main_lemma_bst","fold","pred"
6,9348,71,185,142.5490065,128,512.5188555,11.9613455,-78.0963515,-35.4,"bst","min",85.3,"tree_main_lemma_bst","fold","pred"
6,11330,73,194,251.5134,128,584.3768435,99.542897,-47.966989,-16,"bst","min",89.4,"tree_remove_lemma_left","post","rem_imp"
6,12188,74,194,198.8508085,128,614.673424,252.98898,-120.89363,-37.8,"bst","min",89.4,"bst","pred","rem_imp"
6,14296,78,197,129.824875,128,626.0206315,381.433433,-116.1154165,-47.2,"bst","min",90.8,"bst","pred","rem_imp"
6,13431,76,199,279.720237,128,732.684868,281.452279,-81.875502,-22.6,"bst","min",91.7,"tree_contains_helper","post","rem_imp"
6,11354,73,200,236.349202,128,610.6637825,163.028478,-47.923308,-16.9,"bst","min",92.2,"tree_main_lemma_bst","unfold","pred"
6,14744,80,203,154.603888,128,657.0185505,394.1327025,-105.496895,-40.6,"bst","min",93.5,"bst","pred","rem_imp"
6,10501,72,204,219.847746,128,673.2025565,193.0737335,-57.7424475,-20.8,"bst","min",94,"bst","pred","bool"
6,11370,73,204,200.8988895,128,620.439324,175.9219585,-54.7550575,-21.4,"bst","min",94,"tree_add","post","rem_imp"
6,12871,75,205,152.560069,128,635.359023,347.963654,-113.9890925,-42.8,"bst","min",94.5,"bstRemove","pred","rem_imp"
6,13878,77,205,252.3441935,128,661.420825,410.405912,-115.5233155,-31.4,"bst","min",94.5,"bstRemove","pred","rem_imp"
6,13882,77,207,171.965705,128,658.468595,406.9840155,-80.313151,-31.8,"bst","min",95.4,"tree_contains_helper","post","rem_imp"
6,14531,79,207,178.4858155,128,608.9414795,307.234628,-59.4439295,-25,"bst","min",95.4,"bst","pred","rem_imp"
6,5559,68,208,104.1591055,128,662.8594645,340.592916,-146.717077,-58.5,"bst","min",95.9,"bst","pred","rem_imp"
6,9491,71,208,108.0625675,128,622.682974,387.2429435,-158.850097,-59.5,"bst","min",95.9,"bstRemove","pred","rem_imp"
6,12231,74,208,120.6666565,128,660.589438,339.827902,-56.6458415,-31.9,"bst","min",95.9,"mod2","pre","rem_imp"
6,2959,66,209,181.7902545,128,651.7753815,261.1851675,-96.401877,-34.7,"bst","min",96.3,"bstRemove","pred","rem_imp"
6,6879,69,209,199.295907,128,674.10809,193.3223935,-51.669594,-20.6,"bst","min",96.3,"tree_contains","post","rem_imp"
6,11390,73,209,142.4398185,128,650.3777305,371.489455,-79.804303,-35.9,"bst","min",96.3,"tree_main_lemma_bst","pre","rem_imp"
6,13451,76,209,119.395669,128,643.185276,421.764314,-170.7323615,-58.8,"bst","min",96.3,"tree_main_lemma_bst","post","rem_imp"
6,6885,69,210,91.382629,128,632.976708,393.165462,-107.913278,-54.1,"bst","min",96.8,"bst","pred","rem_imp"
6,2979,66,212,99.788484,128,619.574857,399.739293,-84.1210535,-45.7,"bst","min",97.7,"tree_main_lemma_bst","pre","rem_imp"
6,4275,67,212,102.7248685,128,619.9046365,363.3687685,-220.7770225,-68.2,"bst","min",97.7,"bstRemove","pred","rem_imp"
6,12243,74,212,78.6883565,128,655.8588855,383.781102,-48.2719145,-38,"bst","min",97.7,"tree_remove_lemma_right","post","rem_imp"
6,10541,72,214,195.7346505,128,673.962761,193.78881,-54.9599795,-21.9,"bst","min",98.6,"tree_remove_lemma_min","pre","rem_imp"
6,11410,73,214,33.034445,128,647.9879445,425.550822,-87.5925105,-72.6,"bst","min",98.6,"tree_remove_lemma_right","post","rem_imp"
6,14321,78,214,43.023772,128,649.9429935,427.4979965,-56.449317,-56.7,"bst","min",98.6,"tree_remove_lemma_left","pre","rem_imp"
6,14539,79,215,71.0969965,128,604.69795,346.92211,-56.0476765,-44.1,"bst","min",99.1,"tree_remove_lemma_left","pre","rem_imp"
6,1703,65,216,2.267948,64,129.5691435,86.3382245,-49.9242055,-95.7,"bst","min",99.5,"bst","pred","rem_imp"
6,1703,65,216,2.7152165,128,650.901015,428.717398,-247.867135,-98.9,"bst","min",99.5,"bst","pred","rem_imp"
6,3003,66,216,42.7929595,128,651.2660595,428.571557,-68.190821,-61.4,"bst","min",99.5,"tree_contains","post","rem_imp"
6,5607,68,216,2.4608845,128,650.334519,427.2852135,-55.752692,-95.8,"bst","min",99.5,"tree_remove_lemma_right","pre","rem_imp"
6,8225,70,216,90.0956185,128,685.634841,432.4150665,-160.8375935,-64.1,"bst","min",99.5,"bst","pred","rem_imp"
6,10549,72,216,22.79692,128,647.994397,428.298446,-227.976948,-90.9,"bst","min",99.5,"bst","pred","rem_imp"
6,13900,77,216,59.886114,128,645.662885,425.5083015,-89.869792,-60,"bst","min",99.5,"tree_remove_lemma_right","post","rem_imp"
6,6927,69,217,2.3656605,128,648.851689,428.356784,-51.9135045,-95.6,"bst","min",100,"tree_add","post","rem_imp"
6,8232,70,217,2.4012265,128,650.4114425,426.5201955,-87.694392,-97.3,"bst","min",100,"tree_remove_lemma_left","post","rem_imp"
6,13467,76,217,2.4931895,128,651.7001565,428.1319645,-54.4639735,-95.6,"bst","min",100,"tree_remove_helper","post","rem_imp"
6,13902,77,217,2.4332625,128,649.4542425,427.013049,-57.4528515,-95.9,"bst","min",100,"tree_remove","post","rem_imp"
6,10567,73,3,56.0203995,128,10.75077,10.4703515,45.713151,443.5,"bst","max",1.4,"tree_main_lemma_bst","post","pred"
6,5682,69,11,60.668111,128,60.844782,11.754367,50.3338645,487.1,"bst","max",5.1,"tree_main_lemma_bst","post","pred"
6,599,65,34,72.829215,128,69.875,10.568389,52.3697015,256,"bst","max",15.8,"tree_main_lemma_bst","post","pred"
6,11588,74,41,62.9146065,128,63.2226415,10.4842205,52.14839,484.4,"bst","max",19.1,"tree_main_lemma_bst","post","pred"
6,5976,69,61,164.0133795,128,156.4630985,10.357437,58.731188,55.8,"bst","max",28.4,"bst","pred","pred"
6,14386,79,62,102.8506505,128,97.763544,10.4847475,45.364785,78.9,"bst","max",28.8,"tree_main_lemma_bst","post","pred"
6,10807,73,63,181.2597375,128,193.454587,10.433611,72.1519115,66.1,"bst","max",29.3,"bst","pred","pred"
6,6041,69,72,216.8111675,128,210.4042675,10.5889705,47.3991405,28,"bst","max",33.5,"tree_main_lemma_bst","pre","pred"
6,10863,73,77,168.270018,128,251.3409405,10.47066,56.655628,50.8,"bst","max",35.8,"tree_main_lemma_bst","pre","pred"
6,4813,68,85,79.796062,128,92.330751,10.4320855,47.5570775,147.5,"bst","max",39.5,"tree_main_lemma_bst","post","pred"
6,12516,75,86,108.4204525,128,44.226032,10.417928,45.657696,72.7,"bst","max",40,"tree_main_lemma_bst","pre","pred"
6,13639,77,86,89.6695185,128,137.319719,10.5592715,49.262866,121.9,"bst","max",40,"tree_main_lemma_bst","pre","pred"
6,14629,80,88,158.0250735,128,161.0776375,11.3937135,73.4114205,86.8,"bst","max",40.9,"tree_main_lemma_bst","post","pred"
6,10030,72,89,101.534203,128,168.1518055,10.740033,53.331209,110.6,"bst","max",41.4,"tree_main_lemma_bst","pre","pred"
6,11807,74,96,128.2453495,128,225.850797,10.6742165,68.6933545,115.4,"bst","max",44.7,"bst","pred","pred"
6,14094,78,96,119.602832,128,152.3225305,11.930449,52.8844045,79.3,"bst","max",44.7,"tree_main_lemma_bst","pre","pred"
6,8821,71,98,75.7004435,128,75.1529145,11.9070065,52.8280905,231,"bst","max",45.6,"tree_main_lemma_bst","pre","pred"
6,10947,73,98,242.149282,128,321.56963,10.444444,42.2658985,21.1,"bst","max",45.6,"bstRemove","pred","pred"
6,14639,80,98,197.8596025,128,207.994564,11.702841,53.3693565,36.9,"bst","max",45.6,"tree_main_lemma_bst","pre","pred"
6,8870,71,106,123.1194665,128,121.084304,12.102354,46.0799135,59.8,"bst","max",49.3,"tree_main_lemma_bst","post","pred"
6,13229,76,107,111.800856,128,129.915595,11.4463995,51.6444965,85.9,"bst","max",49.8,"tree_main_lemma_bst","pre","pred"
6,2344,66,108,123.9817895,128,221.476943,10.7049045,58.4944715,89.3,"bst","max",50.2,"tree_main_lemma_bst","pre","pred"
6,3709,67,118,112.2558975,128,141.17589,10.83552,53.296533,90.4,"bst","max",54.9,"tree_main_lemma_bst","pre","pred"
6,10161,72,118,166.485164,128,282.094634,10.403059,53.2943465,47.1,"bst","max",54.9,"bst","pred","acc"
6,14442,79,118,224.3262895,128,418.0725595,10.8490795,98.067599,77.7,"bst","max",54.9,"bst","pred","pred"
6,1106,65,119,158.2209065,128,258.534679,11.7396455,63.4978965,67,"bst","max",55.3,"bstRemove","pred","pred"
6,3774,67,129,187.9079085,128,262.721259,10.4326945,69.0053405,58,"bst","max",60,"bst","pred","pred"
6,10229,72,135,203.8206815,128,361.0515175,10.581633,52.4750305,34.7,"bst","max",62.8,"bstRemove","pred","pred"
6,2517,66,136,199.224017,128,322.4608955,10.937768,66.654667,50.3,"bst","max",63.3,"bstRemove","pred","pred"
6,7795,70,144,146.138118,128,185.974023,12.218912,53.958223,58.5,"bst","max",67,"tree_main_lemma_bst","post","pred"
6,5175,68,145,176.0017875,128,211.046881,13.1240085,57.8021255,48.9,"bst","max",67.4,"tree_main_lemma_bst","pre","pred"
6,13778,77,155,249.081651,128,491.285329,10.4676835,82.615407,49.6,"bst","max",72.1,"bst","pred","pred"
6,14699,80,158,144.628941,128,501.563116,11.8112285,45.125703,45.4,"bst","max",73.5,"bstRemove","pred","pred"
6,3978,67,163,227.7144435,128,468.712206,62.259203,43.226567,23.4,"bst","max",75.8,"tree_remove_lemma_left","pre","rem_imp"
6,13798,77,165,281.875083,128,555.396387,79.962136,65.551733,30.3,"bst","max",76.7,"bst","pred","rem_imp"
6,6653,69,173,299.4008095,128,526.571138,11.8066575,49.53105,19.8,"bst","max",80.5,"bstRemove","pred","pred"
6,2748,66,175,206.500074,128,572.969408,11.565294,46.0171065,28.7,"bst","max",81.4,"tree_main_lemma","pre","rem_imp"
6,2757,66,176,290.0081915,128,676.810481,189.7167495,83.5081175,40.4,"bst","max",81.9,"bst","pred","rem_imp"
6,4087,67,181,269.9936505,128,564.3313395,142.8317135,59.9745065,28.6,"bst","max",84.2,"tree","pred","rem_imp"
6,12814,75,186,274.3942845,128,586.9897765,178.9842825,54.9929575,25.1,"bst","max",86.5,"tree","pred","rem_imp"
6,13409,76,188,358.7751855,128,699.2956605,269.8527925,206.173856,135.1,"bst","max",87.4,"bst","pred","rem_imp"
6,12173,74,189,336.792462,128,658.342001,190.3788965,91.534278,37.3,"bst","max",87.9,"tree_main_lemma_bst","pre","rem_imp"
6,14731,80,190,262.3783155,128,667.818422,190.9590595,88.3124175,50.7,"bst","max",88.4,"tree_main_lemma_bst","pre","rem_imp"
6,9406,71,194,218.6628315,128,646.83495,163.877012,64.6447825,42,"bst","max",90.2,"bst","pred","rem_imp"
6,14292,78,195,207.826091,128,640.1757985,189.877718,65.7106925,46.2,"bst","max",90.7,"bstRemove","pred","rem_imp"
6,5491,68,197,236.5219325,128,417.527942,189.586258,103.5796295,77.9,"bst","max",91.6,"tree_main_lemma_bst","pre","rem_imp"
6,1597,65,199,233.5855855,128,448.788256,189.581825,120.7004635,106.9,"bst","max",92.6,"bstRemove","pred","rem_imp"
6,6820,69,199,283.550594,128,656.624902,189.533815,91.690922,47.8,"bst","max",92.6,"tree_main_lemma_bst","pre","rem_imp"
6,13868,77,200,372.048606,128,715.8642875,270.1156285,55.3432795,17.5,"bst","max",93,"tree_contains_helper","pre","rem_imp"
6,14525,79,201,243.3791745,128,655.1609215,175.759481,86.6108105,55.2,"bst","max",93.5,"tree_main_lemma_bst","pre","rem_imp"
6,10493,72,202,277.101051,128,673.043511,191.6391545,104.3508775,60.4,"bst","max",94,"bstRemove","pred","rem_imp"
6,8149,70,203,152.63413,128,494.024057,29.497245,52.2846135,52.1,"bst","max",94.4,"tree_main_lemma_bst","pre","pred"
6,10505,72,205,277.507925,128,673.4339335,192.7226575,57.660179,26.2,"bst","max",95.3,"tree_max_lemma","post","rem_imp"
6,8167,70,206,248.6452265,128,580.3634285,192.3486075,96.7780275,63.7,"bst","max",95.8,"tree_main_lemma_bst","pre","rem_imp"
6,10545,72,215,250.773868,128,674.6549095,189.473121,55.0392175,28.1,"bst","max",100,"tree_contains_helper","pre","rem_imp"
2,13141,16,114,809.3671105,128,3944.118216,4.0010715,-313.612236,-27.9,"composite","min",70.8,"tree_has_parent","fold","pred"
2,12673,15,119,1117.9305205,128,3761.2237255,4.0699715,-481.504395,-30.1,"composite","min",73.9,"tree_has_left","post","pred"
2,2752,3,127,711.875614,128,2784.6283385,3.921797,-298.2535,-29.5,"composite","min",78.9,"tree_has_left","post","pred"
2,7601,8,130,732.343219,128,3645.7424435,3.8568835,-299.8521915,-29,"composite","min",80.7,"tree_has_right","post","pred"
2,12724,15,136,694.1055265,128,4217.150847,4.103798,-325.485719,-31.9,"composite","min",84.5,"main","inv","pred"
2,6692,7,140,263.913626,128,3930.4133495,3.896465,-304.8510855,-53.6,"composite","min",87,"tree_has_parent","fold","pred"
2,9603,10,140,730.439965,128,3708.1894435,4.0830895,-300.87334,-29.2,"composite","min",87,"tree_has_parent","post","pred"
2,3839,4,144,372.464651,128,4305.260997,3.8657195,-325.427563,-46.6,"composite","min",89.4,"tree_has_left","fold","pred"
2,9627,10,144,330.5142975,128,4003.820105,4.082804,-475.275091,-59,"composite","min",89.4,"tree_has_left","post","pred"
2,2862,3,146,479.652401,128,4306.67825,3.851303,-324.396459,-40.3,"composite","min",90.7,"tree_has_left","unfold","pred"
2,8678,9,150,273.265459,128,4048.521046,3.8721025,-298.4951295,-52.2,"composite","min",93.2,"tree_get_parent","unfold","pred"
2,11052,12,151,267.2670075,128,4334.8462005,4.1076145,-328.407845,-55.1,"composite","min",93.8,"tree_has_parent","fold","pred"
2,7736,8,153,332.93765,128,4112.8925695,4.1032205,-334.244091,-50.1,"composite","min",95,"tree_has_parent","post","pred"
2,2925,3,157,189.32308,128,4308.7936235,4.0668725,-295.9164765,-61,"composite","min",97.5,"tree_get_parent","unfold","pred"
2,4889,5,158,1102.4555595,128,5717.9840925,2312.456272,-333.0616275,-23.2,"composite","min",98.1,"tree_has_left","unfold","pred"
2,12790,15,158,1273.286486,128,5507.7574785,1989.7616305,-383.126501,-23.1,"composite","min",98.1,"tree_get_parent","unfold","pred"
2,2952,3,161,1.995747,64,1170.4072155,547.830873,-325.4329355,-99.4,"composite","min",100,"tree_get_parent","post","rem_imp"
2,2952,3,161,2.155879,128,6010.7178645,2826.658107,-1614.041042,-99.9,"composite","min",100,"tree_get_parent","post","rem_imp"
2,3938,4,161,1.998004,64,1161.502978,548.7794705,-292.9426775,-99.3,"composite","min",100,"tree_add_left","post","rem_imp"
2,3938,4,161,2.2096235,128,6018.00527,2824.560349,-1430.395097,-99.8,"composite","min",100,"tree_add_left","post","rem_imp"
2,4906,5,161,2.1278795,128,5998.7282845,2842.0146115,-1100.1609415,-99.8,"composite","min",100,"tree_has_left","pre","rem_imp"
2,5868,6,161,2.106835,64,1162.2184605,549.0494625,-293.044785,-99.3,"composite","min",100,"tree_add_left","post","rem_imp"
2,5868,6,161,2.214024,128,6023.6978475,2851.9459785,-1429.9823895,-99.8,"composite","min",100,"tree_add_left","post","rem_imp"
2,7786,8,161,2.1919145,128,5970.5369265,2828.2097265,-1406.0267285,-99.8,"composite","min",100,"tree_add_right","pre","rem_imp"
2,8744,9,161,2.2077515,128,5984.152458,2849.202498,-1139.3649865,-99.8,"composite","min",100,"tree_has_right","pre","rem_imp"
2,10446,11,161,2.1697875,128,6012.876924,2825.5891495,-1138.191093,-99.8,"composite","min",100,"tree_get_parent","pre","rem_imp"
2,11735,13,161,2.0370235,64,1165.1384505,547.677395,-324.4720585,-99.4,"composite","min",100,"tree_has_right","post","rem_imp"
2,11735,13,161,2.126566,128,5972.078136,2832.9911855,-1609.3330865,-99.9,"composite","min",100,"tree_has_right","post","rem_imp"
2,12316,14,161,2.166957,128,6020.7521015,2844.521706,-1137.811562,-99.8,"composite","min",100,"tree_has_right","pre","rem_imp"
2,12799,15,161,2.126105,64,1164.607892,548.073249,-325.278996,-99.4,"composite","min",100,"tree_get_parent","post","rem_imp"
2,12799,15,161,2.2318595,128,5999.6493185,2834.946168,-1608.427156,-99.9,"composite","min",100,"tree_get_parent","post","rem_imp"
2,13282,16,161,1.9974715,64,1161.321884,546.2952875,-292.670932,-99.3,"composite","min",100,"tree_add_left","post","rem_imp"
2,13282,16,161,2.1433155,128,6024.978645,2824.346298,-1430.195937,-99.9,"composite","min",100,"tree_add_left","post","rem_imp"
2,4333,5,66,390.891644,128,498.3312865,3.953421,272.095867,229,"composite","max",41.2,"context","pred","pred"
2,8224,9,73,482.910475,128,1062.536217,3.8511245,302.857907,168.2,"composite","max",45.6,"context","pred","pred"
2,4387,5,75,660.810974,128,830.8038395,3.891959,225.199023,51.7,"composite","max",46.9,"tree","pred","pred"
2,11412,13,80,242.367369,128,538.6593935,4.1457225,203.646111,525.9,"composite","max",50,"tree","pred","pred"
2,12589,15,91,1307.672329,128,2206.137301,3.9416535,781.4720235,148.5,"composite","max",56.9,"tree","pred","pred"
2,7378,8,93,665.8467255,128,1268.7065855,4.069387,544.729529,449.8,"composite","max",58.1,"subtreeHelper","pred","pred"
2,5520,6,102,759.881847,128,1788.780613,4.007453,610.8033535,409.7,"composite","max",63.7,"subtreeHelper","pred","pred"
2,10227,11,106,857.5332265,128,2015.434999,4.0648025,696.4723315,432.4,"composite","max",66.2,"subtreeHelper","pred","pred"
2,8434,9,109,752.0627525,128,2504.916005,3.9199055,332.9636805,79.4,"composite","max",68.1,"context","pred","pred"
2,13138,16,113,1122.9793465,128,3944.70325,3.824104,922.8427485,461.1,"composite","max",70.6,"subtreeHelper","pred","pred"
2,7524,8,117,1320.053502,128,2452.7236965,4.0205695,447.2820135,51.2,"composite","max",73.1,"context","pred","pred"
2,9464,10,117,323.3307155,128,877.8269715,3.8375145,207.529909,179.2,"composite","max",73.1,"tree","pred","pred"
2,4662,5,121,726.095881,128,3374.7685275,3.895717,349.2948085,92.7,"composite","max",75.6,"context","pred","pred"
2,10932,12,121,511.296252,128,1586.721989,3.870124,313.283856,158.2,"composite","max",75.6,"context","pred","pred"
2,2724,3,122,1026.09046,128,2270.5160805,3.873397,818.662949,394.7,"composite","max",76.2,"subtreeHelper","pred","pred"
2,12220,14,129,782.8896205,128,3754.0218105,3.939067,648.6471605,483.2,"composite","max",80.6,"subtreeHelper","pred","pred"
2,6640,7,131,642.0233555,128,3712.633103,4.122816,513.115933,398,"composite","max",81.9,"subtreeHelper","pred","pred"
2,3764,4,132,975.020648,128,4192.326485,4.122612,792.743902,434.9,"composite","max",82.5,"subtreeHelper","pred","pred"
2,10976,12,132,872.9760855,128,3550.168474,3.9062645,405.891956,86.9,"composite","max",82.5,"context","pred","pred"
2,9573,10,135,1030.5134795,128,3407.695943,4.0642225,460.050954,80.6,"composite","max",84.4,"context","pred","pred"
2,10988,12,135,980.9661025,128,3652.8072015,3.8548675,297.790952,43.6,"composite","max",84.4,"tree_has_parent","unfold","pred"
2,1843,2,137,736.3853365,128,4012.504805,3.967977,598.7845065,435.2,"composite","max",85.6,"subtreeHelper","pred","pred"
2,2856,3,145,804.04886,128,4305.621024,3.8459355,432.010713,116.1,"composite","max",90.6,"tree","pred","rem_imp"
2,4816,5,146,530.733344,128,4310.758713,4.0037555,325.817557,159,"composite","max",91.2,"tree_has_left","fold","pred"
2,12760,15,148,753.3701575,128,4301.220889,3.9933995,207.8904945,38.1,"composite","max",92.5,"tree","pred","rem_imp"
2,12775,15,153,1596.4092225,128,5243.3641325,1530.295287,843.7292845,112.1,"composite","max",95.6,"context","pred","rem_imp"
2,4863,5,154,1439.5312485,128,5651.212618,2268.98071,922.7680135,178.6,"composite","max",96.2,"subtreeHelper","pred","rem_imp"
2,3905,4,155,341.6701395,64,1158.119375,537.3900655,295.993065,648,"composite","max",96.9,"subtreeHelper","pred","rem_imp"
2,3905,4,155,1677.040967,128,5958.83117,2785.0808655,1473.649884,724.5,"composite","max",96.9,"subtreeHelper","pred","rem_imp"
2,8720,9,157,1118.863563,128,5317.810886,2178.0870225,843.895256,306.9,"composite","max",98.1,"subtreeHelper","pred","rem_imp"
2,12787,15,157,1656.412987,128,5523.862996,1992.8786025,260.2707535,18.6,"composite","max",98.1,"tree_has_right","pre","rem_imp"
2,1014,1,159,261.256417,128,4299.828033,3.889369,200.749772,331.8,"composite","max",99.4,"subtreeHelper","pred","pred"
2,2945,3,160,327.4286825,64,1164.930467,552.4699645,284.581074,664.2,"composite","max",100,"subtreeHelper","pred","rem_imp"
2,2945,3,160,1616.196921,128,5979.1434715,2840.192566,1426.2288655,750.8,"composite","max",100,"subtreeHelper","pred","rem_imp"
2,5863,6,160,295.15162,64,1168.5032835,549.81707,252.716544,595.5,"composite","max",100,"subtreeHelper","pred","rem_imp"
2,5863,6,160,1432.1964135,128,6013.939162,2825.7651915,1242.327348,654.3,"composite","max",100,"subtreeHelper","pred","rem_imp"
2,7782,8,160,287.4867155,64,1160.311621,542.7974305,245.005002,576.7,"composite","max",100,"subtreeHelper","pred","rem_imp"
2,7782,8,160,1408.218643,128,5956.9371205,2790.384483,1218.7232275,643.1,"composite","max",100,"subtreeHelper","pred","rem_imp"
2,10442,11,160,1140.3608805,128,5742.663311,2369.736001,977.7886185,601.4,"composite","max",100,"context","pred","rem_imp"
2,11731,13,160,326.509082,64,1163.885724,550.124024,283.7142265,663,"composite","max",100,"subtreeHelper","pred","rem_imp"
2,11731,13,160,1611.4596525,128,5981.481905,2822.047612,1422.279053,751.8,"composite","max",100,"subtreeHelper","pred","rem_imp"
2,12313,14,160,1139.978519,128,5722.488688,2377.7708005,977.538735,601.8,"composite","max",100,"context","pred","rem_imp"
2,12796,15,160,1610.6590155,128,5997.7427455,2825.074065,470.915632,41.3,"composite","max",100,"tree_get_parent","pre","rem_imp"
2,13279,16,160,294.6684035,64,1164.0424115,549.501942,258.6969165,719.2,"composite","max",100,"context","pred","rem_imp"
2,13279,16,160,1432.3392525,128,5987.8161685,2845.649796,1270.078232,782.7,"composite","max",100,"context","pred","rem_imp"
5,926,82,88,6009.5500735,128,11161.298693,26.1390065,-4550.7581835,-43.1,"list","min",80.7,"appendLemmaLoopBody","pre","acc"
5,3558,86,95,5824.8874525,128,11215.463691,284.2385215,-4651.776069,-44.4,"list","min",87.2,"appendLemmaLoopBody","pre","acc"
5,5510,89,95,5766.2831305,128,11106.7379105,26.143973,-4610.371599,-44.4,"list","min",87.2,"appendLemmaLoopBody","pre","acc"
5,10034,96,95,403.040748,128,13165.215904,9509.5431405,-5319.1168155,-93,"list","min",87.2,"appendLemmaLoopBody","pre","rem_imp"
5,1619,83,96,5876.0926775,128,11060.147734,26.408174,-4472.0699425,-43.2,"list","min",88.1,"appendLemmaLoopBody","pre","acc"
5,2914,85,96,6075.303079,128,11082.731941,26.150899,-4908.6514675,-44.7,"list","min",88.1,"appendLemmaLoopBody","unfold","pred"
5,357,81,100,6006.1967475,128,11064.183996,26.105719,-4441.233725,-42.5,"list","min",91.7,"appendLemmaLoopBody","pre","acc"
5,6228,90,103,396.486346,128,13188.855959,9503.9903155,-5305.6111965,-93,"list","min",94.5,"appendLemmaLoopBody","pre","rem_imp"
5,7541,92,103,402.82833,128,13159.401963,9496.876615,-5613.079938,-93.3,"list","min",94.5,"sortedSegHelper","pred","rem_imp"
5,9493,95,104,5819.943489,128,11273.018687,31.5013135,-4644.466659,-44.4,"list","min",95.4,"appendLemmaLoopBody","pre","acc"
5,9506,95,106,408.004132,128,13227.4253315,9555.809819,-5422.3473825,-93,"list","min",97.2,"appendLemmaLoopBody","pre","rem_imp"
5,391,81,107,260.28972,128,13198.538314,9826.0750885,-5797.751649,-95.7,"list","min",98.2,"sortedSegHelper","pred","rem_imp"
5,4287,87,107,256.247519,128,13183.488153,9832.854667,-5452.703546,-95.5,"list","min",98.2,"appendLemmaLoopBody","pre","rem_imp"
5,8218,93,107,9.1454425,128,13181.478174,9822.537286,-5684.6404215,-99.8,"list","min",98.2,"appendLemmaLoopBody","pre","rem_imp"
5,1040,82,108,256.9715555,128,13198.6513,9826.5584125,-9350.914393,-97.3,"list","min",99.1,"appendLemmaLoopBody","post","rem_imp"
5,2342,84,108,259.5649955,128,13199.400877,9824.1999,-5781.446369,-95.7,"list","min",99.1,"sortedSegHelper","pred","rem_imp"
5,2988,85,108,260.606688,128,13178.907803,9820.01384,-9416.7606695,-97.3,"list","min",99.1,"appendLemmaLoopBody","post","rem_imp"
5,3639,86,108,260.546357,128,13168.367937,9827.8836915,-5414.5415935,-95.4,"list","min",99.1,"appendLemmaLoopBody","pre","rem_imp"
5,4937,88,108,547.2059085,128,13151.559657,9776.558416,-9289.630291,-94.4,"list","min",99.1,"appendLemmaLoopBody","post","rem_imp"
5,5583,89,108,260.1740015,128,13178.0060365,9830.197107,-9399.7831755,-97.3,"list","min",99.1,"appendLemmaLoopBody","post","rem_imp"
5,6920,91,108,250.6598555,128,13166.341389,9784.7152185,-5794.843838,-95.9,"list","min",99.1,"sortedSegHelper","pred","rem_imp"
5,8880,94,108,255.9962155,128,13175.727704,9815.521111,-5783.197004,-95.8,"list","min",99.1,"sortedSegHelper","pred","rem_imp"
5,1697,83,109,3.322111,128,13175.11558,9825.278249,-9574.9571625,-100,"list","min",100,"appendLemmaLoopBody","post","rem_imp"
5,9017,95,23,3582.858463,128,3988.0259905,26.459966,3185.8817355,802.5,"list","max",21.3,"sortedSegHelper","pred","pred"
5,3250,86,43,6392.304201,128,6841.3874335,26.110644,5666.3377725,780.5,"list","max",39.8,"sortedSegHelper","pred","pred"
5,132,81,50,4072.57399,128,3507.8955645,26.1670355,3611.2051,782.7,"list","max",46.3,"appendLemmaLoopBody","unfold","pred"
5,3297,86,51,10078.704115,128,10515.604442,26.0810365,3545.303179,54.3,"list","max",47.2,"appendLemmaLoopBody","post","pred"
5,9210,95,56,10295.927326,128,10795.5272125,26.4375455,3536.745978,52.3,"list","max",51.9,"appendLemmaLoopBody","post","pred"
5,2036,84,57,3857.203471,128,4997.322283,26.1909555,2389.9717935,162.9,"list","max",52.8,"appendLemmaLoopBody","post","pred"
5,1421,83,63,4028.5837745,128,6166.867345,26.291915,3566.0272985,770.9,"list","max",58.3,"sortedSegHelper","pred","pred"
5,1441,83,66,7425.6972395,128,7446.9822125,26.4557685,3394.2590955,84.2,"list","max",61.1,"appendLemmaLoopBody","pre","pred"
5,7979,93,67,6588.4287215,128,7494.2972835,26.51523,5781.9073755,716.9,"list","max",62,"sortedSegHelper","pred","pred"
5,4091,87,74,2971.8403285,128,6214.3980165,26.4680565,2434.969148,453.5,"list","max",68.5,"sortedSegHelper","pred","acc"
5,8021,93,74,9329.7068255,128,10889.57266,26.3368085,2714.5406975,41,"list","max",68.5,"sortedSegHelper","pred","acc"
5,850,82,76,4921.4530165,128,5174.847399,26.286842,3360.5554105,215.3,"list","max",70.4,"appendLemmaLoopBody","pre","pred"
5,243,81,77,10534.709087,128,10966.5429205,26.438769,3028.614984,40.3,"list","max",71.3,"appendLemmaLoopBody","post","pred"
5,1509,83,77,10864.35368,128,10839.676315,26.0728525,3408.847859,45.7,"list","max",71.3,"sortedSegHelper","pred","acc"
5,6086,90,80,6013.0506685,128,11057.5690375,26.233824,3632.6970815,152.6,"list","max",74.1,"appendLemmaLoopBody","post","pred"
5,9958,96,80,6087.2523575,128,11029.023221,26.4933835,5186.4439715,575.8,"list","max",74.1,"sortedSegHelper","pred","pred"
5,5432,89,82,10474.640882,128,11038.4296995,26.164264,9607.2295015,1107.6,"list","max",75.9,"sortedSegHelper","pred","pred"
5,7419,92,82,4129.9980225,128,7642.330202,26.3455775,3298.937148,397,"list","max",75.9,"sortedSegHelper","pred","pred"
5,893,82,83,7307.981535,128,7675.14893,26.4512225,2333.4937255,46.9,"list","max",76.9,"appendLemmaLoopBody","post","pred"
5,6777,91,84,5901.9171895,128,11005.418443,26.030764,5011.0490355,562.5,"list","max",77.8,"sortedSegHelper","pred","pred"
5,918,82,87,10560.308257,128,11101.6402135,26.161082,3243.0494745,44.3,"list","max",80.6,"sortedSegHelper","pred","acc"
5,2872,85,89,7542.278527,128,7510.940607,26.436608,5131.017391,212.8,"list","max",82.4,"appendLemmaLoopBody","pre","pred"
5,2878,85,90,11163.1708945,128,11038.513281,26.3429315,3620.8923675,48,"list","max",83.3,"appendLemmaLoopBody","post","pred"
5,8799,94,94,6050.3988845,128,11071.0490895,29.4231845,5144.3739845,567.8,"list","max",87,"sortedSegHelper","pred","pred"
5,5527,89,98,9837.543226,128,16990.452712,9594.4379915,4060.7254465,70.3,"list","max",90.7,"appendLemmaLoopBody","pre","rem_imp"
5,4885,88,99,6098.497544,128,11135.425091,26.5188215,5192.9031735,573.4,"list","max",91.7,"sortedSegHelper","pred","pred"
5,1031,82,106,9657.980217,128,16981.712966,9936.500241,3941.4752535,68.9,"list","max",98.1,"appendLemmaLoopBody","pre","rem_imp"
5,2976,85,106,9574.092026,128,17046.706428,9864.849452,3527.6540615,58.3,"list","max",98.1,"sortedSegHelper","pred","rem_imp"
5,4932,88,107,9836.8361995,128,17060.1838755,9851.8759095,4169.18108,73.6,"list","max",99.1,"appendLemmaLoopBody","pre","rem_imp"
5,1688,83,108,9578.2792735,128,16974.6809125,9932.83225,3867.521221,67.7,"list","max",100,"appendLemmaLoopBody","pre","rem_imp"
