id,stress,iter,95th,5th,median,mean,stdev,min,max
3dbc5b73574d7d74dbb7fdbb56fbb75d7febb6dbadd3b7dfeffaa28dd3901ac332,0,10,1843960.25,1744637.5,1744637.5,1763656.1,54966.89,1700347,1876817
3dbc5b73574d7d74dbb7fdbb56fbb75d7febb6dbadd3b7dfeffaa28dd3901ac332,16,10,24201271.65,23339814.0,23339814,23503413.6,440243.53,22991177,24242907
3dbc5b73774d7d74dbb7fdbb56fbb75d7febb6dbadd3b7dfeffaa2cdd3901ec337,0,10,1861123.50,1758272.0,1758272,1763247.9,67242.48,1679189,1901097
3dbc5b73774d7d74dbb7fdbb56fbb75d7febb6dbadd3b7dfeffaa2cdd3901ec337,16,10,24003603.45,23345451.5,23345451.5,23427432.3,362057.65,23034420,24030360
3dbd5b77775d7d75dbb7fdbb76fbb75d7febb6dbadd3b7dfeffaa3edfb901ec337,0,10,1850808.95,1714630.5,1714630.5,1731220.1,70603.69,1670397,1909151
3dbd5b77775d7d75dbb7fdbb76fbb75d7febb6dbadd3b7dfeffaa3edfb901ec337,16,10,28888748.10,28036858.0,28036858,28235640.8,421447.04,27829669,28894590
3d3c5b73574d7d74dbb7fdbb56fbb74d7febb6dbadd1b7dfeff2a28dd210004312,0,10,2364359.10,1751296.0,1751296,1863768,332880.62,1685700,2802669
3d3c5b73574d7d74dbb7fdbb56fbb74d7febb6dbadd1b7dfeff2a28dd210004312,16,10,22841292.15,22214756.5,22214756.5,22318991.4,290031.20,22052002,22926078
1c204100430c340080b538895678124d62a0305a0551b4424f40a0000000000000,0,10,1861452.45,1753498.5,1753498.5,1765572.4,61457.05,1701138,1895796
1c204100430c340080b538895678124d62a0305a0551b4424f40a0000000000000,16,10,7074776.00,6903842.5,6903842.5,6905874.6,118190.40,6739914,7122575
3d2c4b53574d7d34dbb7bd9b56f9b34d77ebb2dbadd1b5d7eff2a2888200004002,0,10,1817140.05,1712973.5,1712973.5,1739146.8,54879.09,1679324,1820430
3d2c4b53574d7d34dbb7bd9b56f9b34d77ebb2dbadd1b5d7eff2a2888200004002,16,10,20675063.25,20142006.5,20142006.5,20216564.3,284898.96,19954287,20916216
c2000004204200080a130000458024120a00040014020000b0080000000000000,0,10,2226301.25,1797115.5,1797115.5,1856160.3,234260.11,1708984,2507054
c2000004204200080a130000458024120a00040014020000b0080000000000000,16,10,4569663.75,4438104.5,4438104.5,4450852.1,73508.16,4378127,4634313
1c204100430c341082b5b88956f8124d62a0305a2551b5424f42a0000000000000,0,10,1910884.80,1722766.0,1722766,1757394.7,84459.39,1693285,1959861
1c204100430c341082b5b88956f8124d62a0305a2551b5424f42a0000000000000,16,10,7045802.20,6961934.5,6961934.5,6951975.5,72657.07,6851213,7072228
1c204100430c341080b538895678124d62a0305a2551b5424f42a0000000000000,0,10,1830962.15,1737732.0,1737732,1757102,51342.88,1685028,1847348
1c204100430c341080b538895678124d62a0305a2551b5424f42a0000000000000,16,10,7032222.75,6850507.5,6850507.5,6866616.1,106095.14,6755710,7137237
1c204100430c300080b130895478124960a03048055020420f40a0000000000000,0,10,2233768.55,1746455.5,1746455.5,1833226.1,255718.03,1706240,2544908
1c204100430c300080b130895478124960a03048055020420f40a0000000000000,16,10,6804496.60,6667348.5,6667348.5,6692072.4,83046.78,6587853,6810316
7dbd5b77775d7d75dbb7fdbb76ffb75d7febb7dbedd3b7dfeffabffdffb87ee73f,0,10,1851505.90,1748941.0,1748941,1760084.2,56348.90,1701943,1884400
7dbd5b77775d7d75dbb7fdbb76ffb75d7febb7dbedd3b7dfeffabffdffb87ee73f,16,10,28781994.05,28081797.0,28081797,28187374,386691.61,27738970,29150657
c2000004204300080b130005478024120a01040015020400b0080000000000000,0,10,1864496.00,1752330.5,1752330.5,1770295.2,59726.14,1709926,1903583
c2000004204300080b130005478024120a01040015020400b0080000000000000,16,10,5457445.30,5304777.5,5304777.5,5323120.7,97349.89,5194582,5460985
3d3c5b73574d7d74dbb7fdbb56fbb74d7febb6dbadd1b7dfeff2a28dd210104312,0,10,2257487.25,1767254.0,1767254,1848178.4,263150.24,1703876,2587038
3d3c5b73574d7d74dbb7fdbb56fbb74d7febb6dbadd1b7dfeff2a28dd210104312,16,10,22881923.55,22190313.0,22190313,22318318.5,312739.90,22070536,22886892
3dbc5b73775d7d74dbb7fdbb56fbb75d7febb6dbadd3b7dfeffaa2cdd3901ec337,0,10,1863865.70,1746481.0,1746481,1758505.8,64572.57,1680138,1879919
3dbc5b73775d7d74dbb7fdbb56fbb75d7febb6dbadd3b7dfeffaa2cdd3901ec337,16,10,26125361.80,24768124.5,24768124.5,25023479.7,677469.95,24609559,26872333
1d2c4953570d7c109bb7b99b56f8334d67a9305bad51b5576f72a2080000000000,0,10,1847424.05,1769631.0,1769631,1765738.4,61168.21,1672434,1874798
1d2c4953570d7c109bb7b99b56f8334d67a9305bad51b5576f72a2080000000000,16,10,15368035.05,15031097.0,15031097,15084727.5,185342.89,14903282,15395256
1c2041004304300080b130895478124960a01048055020420f40a0000000000000,0,10,2244848.70,1752025.5,1752025.5,1841168.7,256581.77,1692309,2554545
1c2041004304300080b130895478124960a01048055020420f40a0000000000000,16,10,6915479.55,6687793.0,6687793,6689722.5,145783.85,6507555,6939699
3d2c4b53574d7d34dbb7bd9b56f9b74d77ebb6dbadd1b7dfeff2a288d200004012,0,10,1877532.20,1777075.5,1777075.5,1783433.3,58438.59,1707098,1904282
3d2c4b53574d7d34dbb7bd9b56f9b74d77ebb6dbadd1b7dfeff2a288d200004012,16,10,21796265.00,21203108.0,21203108,21306611.5,327222.10,20907525,21836900
1d2c4953574d7c14dbb7b99b56f9334d77abb0dbad51b557eff2a2080000004002,0,10,1799034.75,1722297.0,1722297,1735602.1,53490.96,1665899,1801017
1d2c4953574d7c14dbb7b99b56f9334d77abb0dbad51b557eff2a2080000004002,16,10,19578273.60,19133455.0,19133455,19205977.1,231261.81,19020241,19812531
1d2c4112570d741093b7b98956f8134d66a1305b2551b5566f72a2080000000000,0,10,2232775.45,1742899.0,1742899,1834211.5,238181.70,1703530,2485891
1d2c4112570d741093b7b98956f8134d66a1305b2551b5566f72a2080000000000,16,10,15211841.65,14885513.0,14885513,14912193.6,176941.14,14660409,15281575
82000000000200000000000001800000000000000002000080000000000000000,0,10,1868120.55,1750221.0,1750221,1769468,67034.86,1686351,1904679
82000000000200000000000001800000000000000002000080000000000000000,16,10,2429125.05,1971442.5,1971442.5,2050936.3,234227.20,1924741,2702010
c2000004204300080b130085478024160a01040015020420f0080000000000000,0,10,1847517.50,1729088.5,1729088.5,1744786.8,63493.71,1675608,1855064
c2000004204300080b130085478024160a01040015020420f0080000000000000,16,10,6878040.65,6674419.5,6674419.5,6697485.8,103578.72,6573682,6897932
82000000000200000000000001000000000000000000000080000000000000000,0,10,2188440.20,1779368.0,1779368,1833175.5,218861.94,1688339,2430308
82000000000200000000000001000000000000000000000080000000000000000,16,10,2055720.65,2005352.0,2005352,1995350.9,45826.68,1921743,2056244
1c204102470d341092b5b88956f8124d62a0305a2551b5426f42a0000000000000,0,10,1936231.35,1816088.0,1816088,1815713.8,81141.06,1685721,1983327
1c204102470d341092b5b88956f8124d62a0305a2551b5426f42a0000000000000,16,10,11060526.50,10675293.5,10675293.5,10744246.3,192048.28,10512788,11061269
1d2c4b53574d7c34dbb7b99b56f9b34d77abb0dbadd1b5d7eff2a2888000004002,0,10,1870266.85,1748405.0,1748405,1763416,59488.95,1706679,1891591
1d2c4b53574d7c34dbb7b99b56f9b34d77abb0dbadd1b5d7eff2a2888000004002,16,10,19942752.15,19317865.0,19317865,19421209.1,290409.83,19169447,20088981
1c204100430c300080b138895678124960a03048055020424f40a0000000000000,0,10,2227785.75,1745691.0,1745691,1838465.7,233597.24,1698165,2476215
1c204100430c300080b138895678124960a03048055020424f40a0000000000000,16,10,6793345.20,6656793.0,6656793,6657930.5,98390.32,6503623,6848553
7dbd5b77775d7d75dbb7fdbb76fbb75d7febb6dbedd3b7dfeffabffdfb987ec33f,0,10,1827787.20,1724987.0,1724987,1750977.9,53721.06,1699455,1843809
7dbd5b77775d7d75dbb7fdbb76fbb75d7febb6dbedd3b7dfeffabffdfb987ec33f,16,10,28193456.80,28015957.5,28015957.5,27984972.3,161774.87,27639488,28253107
7dbd5b77775d7d75dbb7fdbb76ffb75d7febb7dbedd3b7dfeffafffdffb87ee73f,0,10,1817519.75,1731237.5,1731237.5,1742679.3,46514.58,1686842,1817954
7dbd5b77775d7d75dbb7fdbb76ffb75d7febb7dbedd3b7dfeffafffdffb87ee73f,16,10,28687514.00,28043469.5,28043469.5,28081051.6,410305.81,27545290,29095241
1c204100430d341082b5b88956f8124d62a0305a2551b5426f42a0000000000000,0,10,1814987.00,1762734.0,1762734,1764143.1,40109.92,1695435,1817228
1c204100430d341082b5b88956f8124d62a0305a2551b5426f42a0000000000000,16,10,9639875.45,9464317.0,9464317,9471961.9,117464.73,9312313,9722990
7dbd5b77775d7d75dbb7fdbb76fbb75d7febb6dbadd3b7dfeffab7fdfb983ec337,0,10,1873850.45,1748225.5,1748225.5,1761693,66449.78,1680258,1913459
7dbd5b77775d7d75dbb7fdbb76fbb75d7febb6dbadd3b7dfeffab7fdfb983ec337,16,10,28814625.85,27999668.0,27999668,28120104,443289.70,27609792,29285338
82000000000200000000000041802002000000000402000090000000000000000,0,10,1917498.25,1750627.5,1750627.5,1775426.3,78230.56,1708168,1952506
82000000000200000000000041802002000000000402000090000000000000000,16,10,2198957.15,1955534.5,1955534.5,2000920.5,124074.85,1908545,2328968
82000000000200000000000041802002000000001402000090000000000000000,0,10,1857454.90,1738471.0,1738471,1748811,70204.75,1674150,1887190
82000000000200000000000041802002000000001402000090000000000000000,16,10,2111809.70,1978206.5,1978206.5,2003951.5,76539.74,1910593,2121887
3d3c5b73574d7d74dbb7fdbb56fbb74d7febb6dbadd3b7dfeff2a28dd290104312,0,10,1843739.10,1756188.5,1756188.5,1760757.7,54776.01,1676266,1869723
3d3c5b73574d7d74dbb7fdbb56fbb74d7febb6dbadd3b7dfeff2a28dd290104312,16,10,22708613.00,22295127.5,22295127.5,22318493.7,264726.99,21943325,22942820
c20000000042000800130000458020120a00040014020000b0000000000000000,0,10,1868540.05,1739712.5,1739712.5,1755440,67859.34,1683382,1891486
c20000000042000800130000458020120a00040014020000b0000000000000000,16,10,3549528.70,3433730.5,3433730.5,3435128.2,76083.63,3338709,3585022
c20000000042000808130000458020120a00040014020000b0080000000000000,0,10,2085047.80,1724339.5,1724339.5,1790480.2,186618.39,1693033,2313979
c20000000042000808130000458020120a00040014020000b0080000000000000,16,10,3472704.80,3392030.5,3392030.5,3395146.2,49560.46,3318892,3482342
1d2c4b53574d7c34dbb7b99b56f9b34d77abb0dbad51b5d7eff2a2088000004002,0,10,1839760.00,1753751.5,1753751.5,1759222.8,51594.65,1702474,1866445
1d2c4b53574d7c34dbb7b99b56f9b34d77abb0dbad51b5d7eff2a2088000004002,16,10,20069944.95,19287513.5,19287513.5,19423379.3,414029.27,18995062,20199477
1d2c4953574d7c109bb7b99b56f9334d67a9305bad51b5576ff2a2080000000000,0,10,1833185.50,1728406.0,1728406,1739614.3,60172.79,1668506,1845250
1d2c4953574d7c109bb7b99b56f9334d67a9305bad51b5576ff2a2080000000000,16,10,17003498.10,16702800.5,16702800.5,16719790.9,184650.87,16521717,17119833
1d2c4b53574d7c34dbb7b99b56f9b34d77abb0dbad51b5d7eff2a2080000004002,0,10,2281882.70,1793492.0,1793492,1870113.3,244087.78,1717454,2529821
1d2c4b53574d7c34dbb7b99b56f9b34d77abb0dbad51b5d7eff2a2080000004002,16,10,19731429.30,19266052.0,19266052,19327898.8,240923.20,19065209,19752708
82000000000200000000000001802002000000000402000080000000000000000,0,10,1833617.95,1758718.5,1758718.5,1755232.6,52822.85,1691361,1877821
82000000000200000000000001802002000000000402000080000000000000000,16,10,2298969.55,1982655.5,1982655.5,2034225.1,167522.79,1920487,2496772
1c2000004204300080b130885478024160a01040055020420f00a0000000000000,0,10,1933080.30,1772418.0,1772418,1799351,86812.14,1717989,2004426
1c2000004204300080b130885478024160a01040055020420f00a0000000000000,16,10,6937434.10,6770364.0,6770364,6779175.8,106431.34,6635762,6951448
820000000002000000130000418020120800000014020000b0000000000000000,0,10,2495516.40,1726388.0,1726388,1871794.3,404233.36,1670371,3011931
820000000002000000130000418020120800000014020000b0000000000000000,16,10,3502722.65,3428990.0,3428990,3436402.6,47381.95,3351642,3523136
3dbc5b73574d7d74dbb7fdbb56fbb75d7febb6dbadd3b7dfeffaa2cdd3901ac332,0,10,1856154.50,1762730.0,1762730,1774991.2,63650.50,1686820,1866644
3dbc5b73574d7d74dbb7fdbb56fbb75d7febb6dbadd3b7dfeffaa2cdd3901ac332,16,10,23592393.80,23317911.5,23317911.5,23356664.7,151032.21,23108606,23635232
c20000000042000808130000458020120a00040014020000b0000000000000000,0,10,1877171.50,1813607.5,1813607.5,1801549.7,60010.70,1687515,1880515
c20000000042000808130000458020120a00040014020000b0000000000000000,16,10,3460265.65,3429579.0,3429579,3408855.8,48944.93,3345267,3464461
820000000042000000130000458020120a00040014020000b0000000000000000,0,10,2344750.90,1797391.0,1797391,1866372.8,303006.76,1668566,2703589
820000000042000000130000458020120a00040014020000b0000000000000000,16,10,3556519.50,3475898.5,3475898.5,3452793.8,83510.87,3348833,3573138
1d2c4953570d7c109bb7b99b56f8334d67a9305bad51b5576ff2a2080000000000,0,10,1909106.70,1774882.0,1774882,1784620,80181.51,1704431,1965012
1d2c4953570d7c109bb7b99b56f8334d67a9305bad51b5576ff2a2080000000000,16,10,15445462.75,15022052.0,15022052,15099087.6,207890.43,14872258,15461368
7dbd5b77775d7d75dbb7fdbb76fbb75d7febb6dbadd3b7dfeffab7fdfb981ec337,0,10,1844472.45,1719133.5,1719133.5,1738557.9,62050.56,1681657,1882830
7dbd5b77775d7d75dbb7fdbb76fbb75d7febb6dbadd3b7dfeffab7fdfb981ec337,16,10,28551521.35,28040196.0,28040196,28098765.3,282234.80,27771945,28557343
3d2c4b53574d7d34dbb7bd9b56f9b34d77abb2dbadd1b5d7eff2a2888200004002,0,10,2182667.55,1772918.5,1772918.5,1849827.6,206061.79,1719833,2411628
3d2c4b53574d7d34dbb7bd9b56f9b34d77abb2dbadd1b5d7eff2a2888200004002,16,10,20689473.00,20301381.5,20301381.5,20345788.1,211030.59,20157736,20865909
1d2c4953574d7c14dbb7b99b56f9334d67ab30dbad51b557eff2a2080000000000,0,10,1882053.90,1734862.0,1734862,1761146.1,70282.49,1692505,1915893
1d2c4953574d7c14dbb7b99b56f9334d67ab30dbad51b557eff2a2080000000000,16,10,20035193.70,19224941.0,19224941,19366511.3,370608.35,19084278,20286885
3d2c5b73574d7d34dbb7fd9b56f9b74d77ebb6dbadd1b7dfeff2a289d200004012,0,10,1833963.30,1766307.0,1766307,1770575.6,54934.77,1693123,1834506
3d2c5b73574d7d34dbb7fd9b56f9b74d77ebb6dbadd1b7dfeff2a289d200004012,16,10,21439875.90,21211691.0,21211691,21198776.1,174847.05,20924696,21529110
3d3c5b73574d7d74dbb7fdbb56f9b74d7febb6dbadd1b7dfeff2a28dd200004012,0,10,2222464.30,1740461.5,1740461.5,1839027.7,242766.34,1704123,2506894
3d3c5b73574d7d74dbb7fdbb56f9b74d7febb6dbadd1b7dfeff2a28dd200004012,16,10,22859530.60,22336987.5,22336987.5,22375347.7,286134.80,22064605,23070055
1c2040004304300080b130895478124960a01048055020420f40a0000000000000,0,10,1910840.40,1745402.5,1745402.5,1778945.5,81609.47,1687213,1925496
1c2040004304300080b130895478124960a01048055020420f40a0000000000000,16,10,6844940.80,6673668.5,6673668.5,6687012.2,97301.49,6594275,6919117
3d2c4b53574d7d34dbb7bd9b56f9b74d77ebb2dbadd1b7dfeff2a288c200004002,0,10,1841973.25,1767034.5,1767034.5,1777625.7,50116.13,1702938,1851133
3d2c4b53574d7d34dbb7bd9b56f9b74d77ebb2dbadd1b7dfeff2a288c200004002,16,10,20796356.75,20329489.0,20329489,20409023.7,231006.21,20096937,20832224
1c204100430c300080b138895678124960a03048055020420f40a0000000000000,0,10,2264635.90,1759545.0,1759545,1847138.8,265688.16,1691971,2586088
1c204100430c300080b138895678124960a03048055020420f40a0000000000000,16,10,6716102.00,6663760.5,6663760.5,6657981,44524.28,6590884,6721016
3d2c4b53574d7d34dbb7bd9b56f9b74d77ebb2dbadd1b7dfeff2a288c200004012,0,10,1854439.80,1793945.0,1793945,1783722.3,50836.15,1708193,1869810
3d2c4b53574d7d34dbb7bd9b56f9b74d77ebb2dbadd1b7dfeff2a288c200004012,16,10,20633569.95,20278734.5,20278734.5,20323735.7,204001.74,20080181,20751186
1c204100430c340080b538895678124d60a0305a055024424f40a0000000000000,0,10,1868285.90,1739026.0,1739026,1766742.7,59833.38,1712402,1891001
1c204100430c340080b538895678124d60a0305a055024424f40a0000000000000,16,10,6896028.00,6809808.5,6809808.5,6815312.6,57554.99,6714899,6919851
1d2c4953574d7c14dbb7b99b56f9334d67abb0dbad51b557eff2a2080000000000,0,10,2243912.60,1739755.0,1739755,1840207.2,238454.89,1683919,2476145
1d2c4953574d7c14dbb7b99b56f9334d67abb0dbad51b557eff2a2080000000000,16,10,19703374.70,19253337.0,19253337,19315547.5,245485.82,19007191,19915223
1c2040004304300080b130895478124160a01048055020420f40a0000000000000,0,10,1832134.25,1766819.0,1766819,1762858.5,50688.65,1681701,1846739
1c2040004304300080b130895478124160a01048055020420f40a0000000000000,16,10,6740289.80,6635878.5,6635878.5,6652962.5,55199.47,6587050,6745607
1c204100430c300080b130895678124960a03048055020420f40a0000000000000,0,10,1859504.15,1756309.0,1756309,1772181.7,58115.65,1717016,1890560
1c204100430c300080b130895678124960a03048055020420f40a0000000000000,16,10,6878498.85,6725916.5,6725916.5,6736900.7,97884.19,6586475,6895287
c20000042042000808130000458024120a00040014020000b0080000000000000,0,10,1861378.50,1744373.0,1744373,1765000.1,64302.62,1677804,1882713
c20000042042000808130000458024120a00040014020000b0080000000000000,16,10,4472924.75,4433475.0,4433475,4422421.9,43198.67,4346467,4481279
3d3c5b73574d7d74dbb7fdbb56f9b74d7febb6dbadd1b7dfeff2a28dd200004312,0,10,1852639.65,1756920.5,1756920.5,1768162.6,56315.24,1689420,1872756
3d3c5b73574d7d74dbb7fdbb56f9b74d7febb6dbadd1b7dfeff2a28dd200004312,16,10,22514566.10,22206676.5,22206676.5,22268757.2,155812.48,22083464,22536401
7dbd5b77775d7d75dbb7fdbb76fbb75d7febb7dbedd3b7dfeffabffdffb87ec33f,0,10,1847800.35,1746354.5,1746354.5,1762787.7,57403.61,1698616,1869471
7dbd5b77775d7d75dbb7fdbb76fbb75d7febb7dbedd3b7dfeffabffdffb87ec33f,16,10,28213437.00,28074406.0,28074406,28011942.4,197943.87,27719221,28224597
c2000004204200080b130000478024120a00040014020000b0080000000000000,0,10,1859246.05,1739769.5,1739769.5,1763772.5,67214.18,1689874,1887970
c2000004204200080b130000478024120a00040014020000b0080000000000000,16,10,4524892.05,4459742.0,4459742,4444497.4,71117.81,4318176,4526238
1c204100430c341082b5b88956f8124d62a0305a2551b5426f42a0000000000000,0,10,1870810.30,1737570.0,1737570,1761383.6,62672.99,1692149,1895446
1c204100430c341082b5b88956f8124d62a0305a2551b5426f42a0000000000000,16,10,7011266.30,6899496.5,6899496.5,6903941.3,73653.03,6782118,7045757
80000000000000000,0,10,1891225.35,1772444.5,1772444.5,1786920.6,72707.25,1684955,1930248
80000000000000000,16,10,2019795.25,1935495.5,1935495.5,1950853.7,45525.17,1895665,2039638
3d2c4b53574d7c34dbb7b99b56f9b34d77abb0dbadd1b5d7eff2a2888000004002,0,10,1832100.15,1724950.5,1724950.5,1746839.6,54402.80,1680594,1853283
3d2c4b53574d7c34dbb7b99b56f9b34d77abb0dbadd1b5d7eff2a2888000004002,16,10,19646044.55,19158253.5,19158253.5,19243580.3,258954.37,19041021,19948805
820000000002000000130000458020120800000014020000b0000000000000000,0,10,1907013.45,1769345.5,1769345.5,1788073.3,76342.81,1687638,1920252
820000000002000000130000458020120800000014020000b0000000000000000,16,10,3540776.20,3424570.0,3424570,3439180.5,70991.76,3355714,3544450
1c204100430c340080b538895678124d62a0305a2551b5424f40a0000000000000,0,10,1869405.10,1753100.5,1753100.5,1766604.1,71653.21,1675636,1873402
1c204100430c340080b538895678124d62a0305a2551b5424f40a0000000000000,16,10,7018970.70,6929310.5,6929310.5,6917893.3,93942.75,6734276,7028949
3dbc5b73775d7d75dbb7fdbb56fbb75d7febb6dbadd3b7dfeffaa2cdf3901ec337,0,10,1854783.35,1762624.0,1762624,1772746,57005.88,1695665,1885166
3dbc5b73775d7d75dbb7fdbb56fbb75d7febb6dbadd3b7dfeffaa2cdf3901ec337,16,10,28021491.90,27172539.5,27172539.5,27291191.1,445449.79,26899365,28468737
3d2c4b53574d7d34dbb7bd9b56f9b74d77ebb6dbadd1b7dfeff2a288c200004012,0,10,1890718.65,1743264.0,1743264,1769575.3,74787.63,1698861,1905336
3d2c4b53574d7d34dbb7bd9b56f9b74d77ebb6dbadd1b7dfeff2a288c200004012,16,10,21536780.45,21228451.5,21228451.5,21266093.6,173546.17,21127998,21734510
7dbd5b77775d7d75dbb7fdbb76fbb75d7febb7dbedd3b7dfeffabffdffb87ee73f,0,10,1898260.35,1754209.0,1754209,1773413,76044.39,1698896,1947057
7dbd5b77775d7d75dbb7fdbb76fbb75d7febb7dbedd3b7dfeffabffdffb87ee73f,16,10,28106171.20,27991232.5,27991232.5,27985259.8,98549.91,27783945,28142173
1c204100430c340080b538895678124d60a03058055024424f40a0000000000000,0,10,2349398.95,1746253.0,1746253,1851768.9,312445.23,1676397,2723704
1c204100430c340080b538895678124d60a03058055024424f40a0000000000000,16,10,6983764.90,6801618.0,6801618,6812123.3,103266.04,6695057,7024012
1c284112570d741093b7b88956f8134d66a1305b2551b5566f72a2080000000000,0,10,1927767.35,1743700.0,1743700,1773719.8,91131.20,1671371,1977437
1c284112570d741093b7b88956f8134d66a1305b2551b5566f72a2080000000000,16,10,15200395.10,14946366.0,14946366,14971467,190237.93,14684759,15213122
3dbc5b77775d7d75dbb7fdbb56fbb75d7febb6dbadd3b7dfeffaa2edfb901ec337,0,10,2344435.10,1805684.5,1805684.5,1883158.9,292005.43,1705598,2692475
3dbc5b77775d7d75dbb7fdbb56fbb75d7febb6dbadd3b7dfeffaa2edfb901ec337,16,10,28516155.25,28153567.5,28153567.5,28176194.5,240968.82,27839414,28599646
1d2c4953574d7c10dbb7b99b56f9334d67ab30dbad51b557eff2a2080000000000,0,10,1848161.25,1766033.0,1766033,1777276.1,57418.20,1669274,1850571
1d2c4953574d7c10dbb7b99b56f9334d67ab30dbad51b557eff2a2080000000000,16,10,17480307.05,17075479.0,17075479,17076080.4,281251.16,16626087,17535050
82000000000200000000000001802002000000000002000080000000000000000,0,10,1830907.00,1751756.0,1751756,1750549.5,57906.15,1672580,1840591
82000000000200000000000001802002000000000002000080000000000000000,16,10,2054759.80,1993650.0,1993650,1998062.2,43688.29,1921675,2066530
1c284102570d341092b5b88956f8134d66a0305a2551b5426f52a2080000000000,0,10,2295797.30,1763596.0,1763596,1860176.5,265727.39,1714808,2592818
1c284102570d341092b5b88956f8134d66a0305a2551b5426f52a2080000000000,16,10,12027238.45,11848572.0,11848572,11858682,135718.17,11694828,12053842
0,0,10,1884659.05,1742367.5,1742367.5,1771372,71327.12,1720800,1956898
0,16,10,2041666.75,1905696.5,1905696.5,1933960.2,64124.86,1876080,2063017
3dbc5b73774d7d74dbb7fdbb56fbb75d7febb6dbadd3b7dfeffaa2cdd3901ac337,0,10,1859478.55,1724452.0,1724452,1758092.3,67948.90,1696968,1882141
3dbc5b73774d7d74dbb7fdbb56fbb75d7febb6dbadd3b7dfeffaa2cdd3901ac337,16,10,23453074.50,23144456.0,23144456,23163715,174064.26,22978696,23457309
1d284112570d741093b7b88956f8134d66a1305b2551b5566f72a2080000000000,0,10,2146326.75,1693853.5,1693853.5,1797835.6,217367.64,1666248,2380248
1d284112570d741093b7b88956f8134d66a1305b2551b5566f72a2080000000000,16,10,15231553.85,14965484.0,14965484,14977537.2,184175.18,14639984,15341717
7dbd5b77775d7d75dbb7fdbb76fbb75d7febb6dbadd3b7dfeffabffdfb987ec33f,0,10,1849288.70,1725635.5,1725635.5,1742414.9,63706.23,1683041,1893116
7dbd5b77775d7d75dbb7fdbb76fbb75d7febb6dbadd3b7dfeffabffdfb987ec33f,16,10,28573347.65,27966900.5,27966900.5,28063074,289132.18,27788285,28774904
1d2c4953570d7c109bb7b99b56f8334d66a9305b2d51b5576f72a2080000000000,0,10,1850064.05,1766492.0,1766492,1771489.9,59050.31,1687121,1871660
1d2c4953570d7c109bb7b99b56f8334d66a9305b2d51b5576f72a2080000000000,16,10,15410757.20,15035941.0,15035941,15091962.7,203081.05,14773410,15503747
c2000004204200080b130000478024120a00040014020400b0080000000000000,0,10,1878206.85,1738720.0,1738720,1758273.7,68141.50,1698734,1921149
c2000004204200080b130000478024120a00040014020400b0080000000000000,16,10,4537564.40,4412444.5,4412444.5,4435156.1,68848.97,4361896,4561895
c2000004204200080b130000478024120a01040015020400b0080000000000000,0,10,1814776.65,1755535.5,1755535.5,1758601.3,37221.73,1715241,1816803
c2000004204200080b130000478024120a01040015020400b0080000000000000,16,10,5480845.35,5366465.5,5366465.5,5380535.7,66631.89,5276168,5515404
c2000004204200080b130000478024120a01040014020400b0080000000000000,0,10,1859921.85,1771184.5,1771184.5,1778630.2,56502.00,1693861,1880562
c2000004204200080b130000478024120a01040014020400b0080000000000000,16,10,5494479.55,5368625.0,5368625,5388163.2,92092.58,5245712,5503444
1c204102470d341082b5b88956f8124d62a0305a2551b5426f42a0000000000000,0,10,1850583.00,1756546.0,1756546,1766492.9,57218.61,1701950,1872327
1c204102470d341082b5b88956f8124d62a0305a2551b5426f42a0000000000000,16,10,11199760.30,10691478.0,10691478,10765530.7,274557.19,10559008,11512513
82000000000200000000000001802002000000000402000090000000000000000,0,10,1856665.45,1751564.5,1751564.5,1763651.4,61198.80,1699343,1857844
82000000000200000000000001802002000000000402000090000000000000000,16,10,2036414.95,1965346.5,1965346.5,1969673.3,50044.99,1903977,2042629
1c284112570d741093b5b88956f8134d66a0305a2551b5566f72a2080000000000,0,10,1865710.25,1731953.5,1731953.5,1761828.4,64648.85,1698563,1878344
1c284112570d741093b5b88956f8134d66a0305a2551b5566f72a2080000000000,16,10,15427975.70,14971948.0,14971948,15041115.8,222070.75,14820620,15491837
1c204100430c340080b538895678124d60a0305a0551b4424f40a0000000000000,0,10,1858114.55,1766659.5,1766659.5,1768959.3,61525.59,1685685,1895501
1c204100430c340080b538895678124d60a0305a0551b4424f40a0000000000000,16,10,7121477.25,6964409.0,6964409,6975871.8,98290.53,6840339,7130034
3d2c5b53574d7d34dbb7bd9b56f9b74d77ebb6dbadd1b7dfeff2a288d200004012,0,10,1862968.20,1770750.0,1770750,1767955.8,63456.17,1688380,1908051
3d2c5b53574d7d34dbb7bd9b56f9b74d77ebb6dbadd1b7dfeff2a288d200004012,16,10,21889776.80,21180339.5,21180339.5,21272935.8,348331.03,20977365,22050920
1d2c4912570d74109bb7b99956f8334d66a9305b2d51b5576f72a2080000000000,0,10,1880657.10,1746817.0,1746817,1760739.6,69429.24,1680734,1912923
1d2c4912570d74109bb7b99956f8334d66a9305b2d51b5576f72a2080000000000,16,10,15136307.05,15022683.5,15022683.5,14995377.1,119340.00,14794708,15140326
1d2c4952570d74109bb7b99956f8334d66a9305b2d51b5576f72a2080000000000,0,10,2542915.00,1733681.5,1733681.5,1894874.2,421107.85,1702155,3079297
1d2c4952570d74109bb7b99956f8334d66a9305b2d51b5576f72a2080000000000,16,10,15252335.00,15049624.0,15049624,15064109.8,120021.96,14934392,15338870
7dbd5b77775d7d75dbb7fdbb76ffb75d7febb7dbedd3b7dfeffafffdffbd7ee73f,0,10,1846043.70,1761119.5,1761119.5,1767239.6,49721.90,1698376,1873437
7dbd5b77775d7d75dbb7fdbb76ffb75d7febb7dbedd3b7dfeffafffdffbd7ee73f,16,10,29130697.55,28084927.5,28084927.5,28317041.6,474995.54,27949484,29213993
3d3c5b73574d7d74dbb7fdbb56fbb74d7febb6dbadd1b7dfeff2a28dd200004312,0,10,1911413.60,1757092.5,1757092.5,1788727.3,84648.88,1701782,1936853
3d3c5b73574d7d74dbb7fdbb56fbb74d7febb6dbadd1b7dfeff2a28dd200004312,16,10,23011523.40,22606094.5,22606094.5,22548584.2,327376.44,22022400,23041632
3d2c4b53574d7d34dbb7bd9b56f9b74d77ebb2dbadd1b7d7eff2a288c200004002,0,10,2244325.60,1778000.5,1778000.5,1850342.2,252480.56,1696054,2551816
3d2c4b53574d7d34dbb7bd9b56f9b74d77ebb2dbadd1b7d7eff2a288c200004002,16,10,20831840.10,20351084.0,20351084,20419025.3,242927.17,20193576,20944161
3dbd5b77775d7d75dbb7fdbb76fbb75d7febb6dbadd3b7dfeffab3fdfb981ec337,0,10,1891236.85,1753803.5,1753803.5,1781500.3,68501.59,1705544,1918933
3dbd5b77775d7d75dbb7fdbb76fbb75d7febb6dbadd3b7dfeffab3fdfb981ec337,16,10,29015871.20,28274680.5,28274680.5,28420596.4,394633.23,28039004,29064176
3d3c5b73574d7d34dbb7fdbb56f9b74d7febb6dbadd1b7dfeff2a289d200004012,0,10,1869707.05,1746358.5,1746358.5,1759109.3,70242.23,1685723,1923343
3d3c5b73574d7d34dbb7fdbb56f9b74d7febb6dbadd1b7dfeff2a289d200004012,16,10,21604289.70,21221333.0,21221333,21269791,215758.22,21095509,21853119
2000000000200000000000000000000000000000000000080000000000000000,0,10,1888620.65,1716417.0,1716417,1756417.1,82481.36,1682245,1943108
2000000000200000000000000000000000000000000000080000000000000000,16,10,2066868.30,1969696.0,1969696,1983902.7,48773.83,1932362,2087535
1d2c4112570d74109bb7b98956f8134d66a1305b2551b5566f72a2080000000000,0,10,1880328.25,1740040.5,1740040.5,1766059.3,64298.92,1701536,1894987
1d2c4112570d74109bb7b98956f8134d66a1305b2551b5566f72a2080000000000,16,10,15099288.20,14990547.5,14990547.5,15004865.1,68275.64,14903950,15117002
3dbc5b77775d7d75dbb7fdbb56fbb75d7febb6dbadd3b7dfeffaa2cdfb901ec337,0,10,2250843.25,1725183.5,1725183.5,1827335.3,265324.29,1675717,2554159
3dbc5b77775d7d75dbb7fdbb56fbb75d7febb6dbadd3b7dfeffaa2cdfb901ec337,16,10,28643085.85,28293069.5,28293069.5,28312833.6,287403.08,27798487,28650640
1c204100430c341080b538895678124d62a0305a2551b5424f40a0000000000000,0,10,1834026.70,1711935.0,1711935,1733637.9,60154.09,1668479,1852240
1c204100430c341080b538895678124d62a0305a2551b5424f40a0000000000000,16,10,7035565.80,6879962.5,6879962.5,6913243.5,85948.47,6824175,7065921
1d2c4112570d741093b7b88956f8134d66a1305b2551b5566f72a2080000000000,0,10,1820080.80,1742684.5,1742684.5,1750504.9,39623.39,1708917,1837674
1d2c4112570d741093b7b88956f8134d66a1305b2551b5566f72a2080000000000,16,10,15373296.95,14933897.5,14933897.5,15051432.5,221527.72,14848910,15377873
3dbc5b73775d7d74dbb7fdbb56fbb75d7febb6dbadd3b7dfeffaa2cdf3901ec337,0,10,2232606.85,1738639.0,1738639,1822303.2,256299.46,1660073,2533804
3dbc5b73775d7d74dbb7fdbb56fbb75d7febb6dbadd3b7dfeffaa2cdf3901ec337,16,10,25607974.30,24933846.0,24933846,25012537.8,351278.52,24630344,25870912
1c2040004304300080b130885478024160a01040055020420f00a0000000000000,0,10,1790322.05,1715452.5,1715452.5,1729694.4,37099.01,1681169,1792397
1c2040004304300080b130885478024160a01040055020420f00a0000000000000,16,10,6851900.05,6698308.5,6698308.5,6712456.6,91366.28,6581996,6922528
3d3c5b73574d7d74dbb7fdbb56fbb74d7febb6dbadd3b7dfeff2a28dd29010c312,0,10,1891213.05,1765148.5,1765148.5,1783383.3,65858.52,1718081,1908498
3d3c5b73574d7d74dbb7fdbb56fbb74d7febb6dbadd3b7dfeff2a28dd29010c312,16,10,23278791.85,22487733.0,22487733,22676882.7,437095.97,22180503,23302744
1c284112570d741093b7b88956f8134d66a0305a2551b5566f72a2080000000000,0,10,2208849.90,1782737.5,1782737.5,1846882,232236.49,1680356,2482800
1c284112570d741093b7b88956f8134d66a0305a2551b5566f72a2080000000000,16,10,15327498.60,15033801.0,15033801,15066434.7,169961.33,14853732,15333012
1d2c4953574d7c109bb7b99b56f9334d67a9305bad51b557eff2a2080000000000,0,10,1873141.60,1756488.0,1756488,1776484,62643.38,1713963,1894864
1d2c4953574d7c109bb7b99b56f9334d67a9305bad51b557eff2a2080000000000,16,10,17044377.90,16732578.0,16732578,16780511.5,167080.21,16592491,17124171
1c2040004304300080b130885478024160a01040055020420f40a0000000000000,0,10,1961893.05,1827541.5,1827541.5,1817848.7,95424.02,1677413,1981041
1c2040004304300080b130885478024160a01040055020420f40a0000000000000,16,10,6756556.50,6697190.0,6697190,6683244,61727.88,6592949,6759108
1c204100430c340080b538895678124960a03048055020424f40a0000000000000,0,10,1917736.60,1774550.0,1774550,1791002.1,75326.02,1698495,1925869
1c204100430c340080b538895678124960a03048055020424f40a0000000000000,16,10,6844496.45,6712402.5,6712402.5,6719450.4,88976.41,6590825,6845207
7dbd5b77775d7d75dbb7fdbb76fbb75d7febb7dbedd3b7dfeffabffdffb87ec73f,0,10,1870490.55,1752513.5,1752513.5,1764484,65467.77,1696153,1907760
7dbd5b77775d7d75dbb7fdbb76fbb75d7febb7dbedd3b7dfeffabffdffb87ec73f,16,10,28964943.90,28047422.5,28047422.5,28246611.6,446905.68,27761310,29151495
7dbd5b77775d7d75dbb7fdbb76ffb75d7febb7dbedd3b7dfeffaffffffbd7ef73f,0,10,1903632.70,1793321.5,1793321.5,1799015.8,69711.05,1728274,1945777
7dbd5b77775d7d75dbb7fdbb76ffb75d7febb7dbedd3b7dfeffaffffffbd7ef73f,16,10,28711306.85,28103555.5,28103555.5,28159560.8,350841.47,27821782,29059574
820000000002000000110000418020120800000014020000b0000000000000000,0,10,1846429.65,1753295.0,1753295,1759330.1,57405.43,1680353,1859247
820000000002000000110000418020120800000014020000b0000000000000000,16,10,3484637.85,3425353.0,3425353,3419563.5,48427.61,3341494,3495495
1c284112570d341093b5b88956f8134d66a0305a2551b5566f72a2080000000000,0,10,1873099.10,1765966.0,1765966,1774887.2,59434.45,1711041,1911980
1c284112570d341093b5b88956f8134d66a0305a2551b5566f72a2080000000000,16,10,12619077.60,12421490.0,12421490,12416837.5,139317.72,12169853,12660744
1d2c4953574d7c10dbb7b99b56f9334d67a9305bad51b557eff2a2080000000000,0,10,1902653.80,1787724.5,1787724.5,1797403.7,76244.29,1709546,1917880
1d2c4953574d7c10dbb7b99b56f9334d67a9305bad51b557eff2a2080000000000,16,10,16990768.40,16593392.5,16593392.5,16667021.8,197170.88,16478373,17127347
1c204100430c340080b538895678124d60a0305a055124424f40a0000000000000,0,10,2307807.05,1795420.5,1795420.5,1875650.4,276063.85,1714007,2638985
1c204100430c340080b538895678124d60a0305a055124424f40a0000000000000,16,10,6989061.10,6833384.5,6833384.5,6871169.6,83067.03,6786353,7013695
c20000000042000808130000458024120a00040014020000b0080000000000000,0,10,1821978.20,1761639.5,1761639.5,1762652.7,47658.85,1698882,1829090
c20000000042000808130000458024120a00040014020000b0080000000000000,16,10,4507908.50,4389008.5,4389008.5,4415526.9,70392.40,4329041,4511297
1c204102570d341092b5b88956f8124d62a0305a2551b5426f42a0000000000000,0,10,1877275.30,1769443.0,1769443,1776076.6,62334.08,1690521,1906465
1c204102570d341092b5b88956f8124d62a0305a2551b5426f42a0000000000000,16,10,12025734.80,11755203.5,11755203.5,11778612.5,162359.12,11605728,12155081
3d2c5b53574d7d34dbb7bd9b56f9b74d77ebb6dbadd1b7dfeff2a289d200004012,0,10,1977563.00,1787410.5,1787410.5,1820284.1,100709.71,1691059,2028755
3d2c5b53574d7d34dbb7bd9b56f9b74d77ebb6dbadd1b7dfeff2a289d200004012,16,10,22103059.95,21450654.0,21450654,21541555.9,404204.24,21073922,22105269
1c2000004304300080b130885478024160a01040055020420f00a0000000000000,0,10,1849581.80,1750035.5,1750035.5,1767793.7,57832.33,1690808,1858382
1c2000004304300080b130885478024160a01040055020420f00a0000000000000,16,10,7028197.40,6778463.0,6778463,6785329.1,148978.50,6595348,7128218
3dbc5b73774d7d74dbb7fdbb56fbb75d7febb6dbadd3b7dfeffaa2cdd3901ac333,0,10,2236099.40,1714004.5,1714004.5,1815501,264434.54,1689738,2554199
3dbc5b73774d7d74dbb7fdbb56fbb75d7febb6dbadd3b7dfeffaa2cdd3901ac333,16,10,24094913.85,23196463.5,23196463.5,23434671.3,419952.56,23096724,24135660
1c284112570d741093b7b88956f8134d66a1305a2551b5566f72a2080000000000,0,10,1863072.95,1772076.0,1772076,1778424.4,60408.92,1709001,1873922
1c284112570d741093b7b88956f8134d66a1305a2551b5566f72a2080000000000,16,10,15195413.70,14957171.0,14957171,15004659.1,137142.22,14841340,15214986
7dbd5b77775d7d75dbb7fdbb76fbb75d7febb6dbadd3b7dfeffab7fdfb983ec33f,0,10,1868312.70,1789541.0,1789541,1790167.1,60805.17,1708862,1871307
7dbd5b77775d7d75dbb7fdbb76fbb75d7febb6dbadd3b7dfeffab7fdfb983ec33f,16,10,28611576.05,27973949.5,27973949.5,28010644.7,354265.51,27506287,28742369
c2000004204200080b130000458024120a00040014020000b0080000000000000,0,10,1915084.90,1734981.5,1734981.5,1767948.8,87799.71,1685756,1950769
c2000004204200080b130000458024120a00040014020000b0080000000000000,16,10,4564327.85,4458388.0,4458388,4475450.5,64736.96,4406365,4577372
7dbd5b77775d7d75dbb7fdbb76fbb75d7febb6dbedd3b7dfeffabffdff987ec33f,0,10,1834341.10,1753033.0,1753033,1761050.5,50670.74,1702875,1845520
7dbd5b77775d7d75dbb7fdbb76fbb75d7febb6dbedd3b7dfeffabffdff987ec33f,16,10,28249169.40,28047886.0,28047886,28054446.3,136965.16,27794739,28256184
3d2c4b53574d7d34dbb7bd9b56f9b74d77ebb2dbadd1b5d7eff2a2888200004002,0,10,1849771.45,1762655.0,1762655,1770873.9,52396.25,1703386,1861723
3d2c4b53574d7d34dbb7bd9b56f9b74d77ebb2dbadd1b5d7eff2a2888200004002,16,10,21081114.80,20281903.0,20281903,20454744.2,393017.64,20086460,21157883
820000000002000000100000418020120000000014020000b0000000000000000,0,10,2130259.95,1761439.5,1761439.5,1829621.8,190910.30,1708426,2350917
820000000002000000100000418020120000000014020000b0000000000000000,16,10,3538896.00,3407743.5,3407743.5,3418215.7,74286.24,3320557,3546078
1d2c4112570d74109bb7b98956f8134d66a9305b2551b5576f72a2080000000000,0,10,1945046.00,1765211.5,1765211.5,1790986.9,99900.40,1706410,2033471
1d2c4112570d74109bb7b98956f8134d66a9305b2551b5576f72a2080000000000,16,10,15474989.35,15116824.0,15116824,15114920.4,219857.86,14864034,15475204
c2000004204300080b130085478024160a01040055020420f0080000000000000,0,10,1858861.85,1769721.5,1769721.5,1768182.1,62045.07,1707121,1908455
c2000004204300080b130085478024160a01040055020420f0080000000000000,16,10,6835784.35,6741745.5,6741745.5,6730097.4,107304.78,6497937,6839626
1c204100430c340080b138895678124960a03048055020424f40a0000000000000,0,10,1852893.10,1746240.0,1746240,1764449.4,57492.88,1692384,1875610
1c204100430c340080b138895678124960a03048055020424f40a0000000000000,16,10,6894904.50,6727650.5,6727650.5,6731593.8,111465.97,6578645,6934320
1d2c4112570d74109bb7b98956f8334d66a9305b2d51b5576f72a2080000000000,0,10,2381471.45,1728052.5,1728052.5,1854779.4,314711.22,1703806,2722427
1d2c4112570d74109bb7b98956f8334d66a9305b2d51b5576f72a2080000000000,16,10,15106577.10,14972027.0,14972027,14980204,83482.10,14869518,15116109
c20000040042000808130000458024120a00040014020000b0080000000000000,0,10,1860854.40,1722350.0,1722350,1747485.6,65887.17,1675883,1871874
c20000040042000808130000458024120a00040014020000b0080000000000000,16,10,4624001.00,4429737.0,4429737,4474528.2,90663.55,4391812,4667633
1c204100430c340080b538895678124960a03058055024424f40a0000000000000,0,10,1889078.65,1757954.0,1757954,1772488.3,79097.72,1681889,1930426
1c204100430c340080b538895678124960a03058055024424f40a0000000000000,16,10,6909488.30,6844068.0,6844068,6824306.5,71381.85,6704114,6923027
1c284102570d341092b5b88956f8124d62a0305a2551b5426f52a0080000000000,0,10,2260839.30,1759774.5,1759774.5,1839202.9,268052.32,1703714,2591421
1c284102570d341092b5b88956f8124d62a0305a2551b5426f52a0080000000000,16,10,11919972.85,11731512.5,11731512.5,11754441,95536.78,11628911,11960269
7dbd5b77775d7d75dbb7fdbb76fbb75d7febb6dbedd3b7dfeffabffdffb87ec33f,0,10,1835331.95,1782790.5,1782790.5,1774251.3,47729.90,1686519,1859879
7dbd5b77775d7d75dbb7fdbb76fbb75d7febb6dbedd3b7dfeffabffdffb87ec33f,16,10,28602370.40,28186931.0,28186931,28215680.1,263290.59,27754314,28731920
c2000004204300080b130085478024120a01040015020420f0080000000000000,0,10,1845752.25,1726154.5,1726154.5,1743477.5,65217.96,1666997,1888347
c2000004204300080b130085478024120a01040015020420f0080000000000000,16,10,5384166.10,5317482.5,5317482.5,5311334.1,61228.83,5218995,5384491
820000000042000000130000458020120800000014020000b0000000000000000,0,10,1891205.75,1771059.5,1771059.5,1777950.3,72169.55,1680532,1912709
820000000042000000130000458020120800000014020000b0000000000000000,16,10,3462416.00,3394682.5,3394682.5,3396568.9,42198.58,3347076,3467519
1d2c4112570d74109bb7b99956f8334d66a9305b2d51b5576f72a2080000000000,0,10,1849415.10,1699160.5,1699160.5,1728027.9,68147.79,1674055,1884012
1d2c4112570d74109bb7b99956f8334d66a9305b2d51b5576f72a2080000000000,16,10,15379827.55,14954350.5,14954350.5,15003171.9,235562.04,14798834,15616159
1c204100430c341082b5b8895678124d62a0305a2551b5424f42a0000000000000,0,10,2259649.45,1796219.0,1796219,1866593.3,241528.35,1707607,2533447
1c204100430c341082b5b8895678124d62a0305a2551b5424f42a0000000000000,16,10,7017096.50,6905517.5,6905517.5,6911715,68809.78,6783102,7027406
3d3c5b73574d7d34dbb7fdbb56f9b74d7febb6dbadd1b7dfeff2a28dd200004012,0,10,1832160.25,1727100.5,1727100.5,1741549.6,55419.90,1684356,1870048
3d3c5b73574d7d34dbb7fdbb56f9b74d7febb6dbadd1b7dfeff2a28dd200004012,16,10,21668236.50,21178183.0,21178183,21234848.7,277656.50,20916238,21967626
1c284102570d341092b5b88956f8134d62a0305a2551b5426f52a0080000000000,0,10,1876018.45,1765620.5,1765620.5,1783942.5,62690.88,1704659,1883947
1c284102570d341092b5b88956f8134d62a0305a2551b5426f52a0080000000000,16,10,12027404.30,11750947.0,11750947,11778453.9,163256.56,11548594,12144578
1d2c4b53574d7c34dbb7b99b56f9334d77abb0dbad51b557eff2a2080000004002,0,10,1878080.50,1753575.5,1753575.5,1770804.8,65364.64,1702318,1930231
1d2c4b53574d7c34dbb7b99b56f9334d77abb0dbad51b557eff2a2080000004002,16,10,19893016.45,19289179.0,19289179,19392771.8,267703.83,19175603,19951579
3d2c4b53574d7d34dbb7bd9b56f9b34d77abb0dbadd1b5d7eff2a2888200004002,0,10,1850323.05,1759221.5,1759221.5,1775331.4,61408.66,1692801,1857555
3d2c4b53574d7d34dbb7bd9b56f9b34d77abb0dbadd1b5d7eff2a2888200004002,16,10,20844620.50,20238401.5,20238401.5,20302105.6,322267.36,19938823,21007759
820000000002000000100000418020120800000014020000b0000000000000000,0,10,2258352.20,1762974.5,1762974.5,1848965.1,260786.94,1699725,2574776
820000000002000000100000418020120800000014020000b0000000000000000,16,10,3468762.95,3406110.5,3406110.5,3404169.1,51830.59,3323371,3477443
820000000042000000130000458020120800040014020000b0000000000000000,0,10,1838659.65,1736835.5,1736835.5,1745643.4,57859.02,1677624,1853412
820000000042000000130000458020120800040014020000b0000000000000000,16,10,3513892.90,3395309.0,3395309,3402084.7,72444.99,3323545,3576793
1c204102430d341082b5b88956f8124d62a0305a2551b5426f42a0000000000000,0,10,1875355.65,1735378.0,1735378,1763054.6,66035.17,1712175,1888542
1c204102430d341082b5b88956f8124d62a0305a2551b5426f42a0000000000000,16,10,9747254.75,9503547.5,9503547.5,9510419.2,162328.08,9291451,9858695
1c204100430c340080b538895678124960a03048055024424f40a0000000000000,0,10,1991252.95,1752776.0,1752776,1791591.9,115122.03,1696676,2059414
1c204100430c340080b538895678124960a03048055024424f40a0000000000000,16,10,6991834.65,6770772.0,6770772,6793924.7,115042.93,6671948,7059498
3d2c4b53574d7d34dbb7bd9b56f9b74d77ebb2dbadd1b7d7eff2a2888200004002,0,10,2351327.60,1751661.0,1751661,1845320.3,316125.75,1677502,2728199
3d2c4b53574d7d34dbb7bd9b56f9b74d77ebb2dbadd1b7d7eff2a2888200004002,16,10,20870235.75,20287383.0,20287383,20399199.2,304292.25,20033722,21006228
c2000004204300080b130005478024120a01040015020400f0080000000000000,0,10,1916628.75,1745160.0,1745160,1775798.9,89326.25,1685681,1985598
c2000004204300080b130005478024120a01040015020400f0080000000000000,16,10,5517528.35,5397137.0,5397137,5418642.8,67668.15,5319388,5539208
1c284112570d341092b5b88956f8134d66a0305a2551b5566f72a2080000000000,0,10,2377383.90,1797342.0,1797342,1888522.1,296748.90,1723109,2701653
1c284112570d341092b5b88956f8134d66a0305a2551b5566f72a2080000000000,16,10,12825968.80,12459239.0,12459239,12504265.8,210413.57,12359289,13084141
1d2c4b53574d7c14dbb7b99b56f9334d77abb0dbad51b557eff2a2080000004002,0,10,1892974.65,1736705.0,1736705,1766604.1,82408.97,1675554,1945212
1d2c4b53574d7c14dbb7b99b56f9334d77abb0dbad51b557eff2a2080000004002,16,10,20085388.65,19449560.5,19449560.5,19508834.5,318246.85,19210254,20219589
3dbc5b77775d7d75dbb7fdbb76fbb75d7febb6dbadd3b7dfeffaa2edfb901ec337,0,10,1914392.05,1714082.5,1714082.5,1753245.8,95486.42,1684296,2000050
3dbc5b77775d7d75dbb7fdbb76fbb75d7febb6dbadd3b7dfeffaa2edfb901ec337,16,10,28631234.85,28163270.5,28163270.5,28195719.5,311736.95,27755280,28844124
3dbd5b77775d7d75dbb7fdbb76fbb75d7febb6dbadd3b7dfeffab3fdfb901ec337,0,10,1838087.35,1710942.0,1710942,1745709.3,62531.75,1683222,1855501
3dbd5b77775d7d75dbb7fdbb76fbb75d7febb6dbadd3b7dfeffab3fdfb901ec337,16,10,28253622.80,28031473.5,28031473.5,27991843.6,235176.60,27589942,28282340
1d2c4112570d74109bb7b98956f8134d66a9305b2551b5566f72a2080000000000,0,10,1956439.30,1807033.5,1807033.5,1814845,96879.65,1700118,2029297
1d2c4112570d74109bb7b98956f8134d66a9305b2551b5566f72a2080000000000,16,10,15235201.45,15101330.5,15101330.5,15115148,85662.25,14977084,15271282
3d3c5b73574d7d74dbb7fdbb56f9b74d7febb6dbadd1b7dfeff2a28dd200004212,0,10,1885431.60,1718052.5,1718052.5,1756875.5,78708.31,1695943,1947276
3d3c5b73574d7d74dbb7fdbb56f9b74d7febb6dbadd1b7dfeff2a28dd200004212,16,10,23075588.75,22465464.0,22465464,22470814.9,371790.79,22055311,23238950
1c204100430c340080b538895678124d62a0305a0551b5424f40a0000000000000,0,10,1906013.50,1745299.0,1745299,1769891.2,88849.19,1682410,1960099
1c204100430c340080b538895678124d62a0305a0551b5424f40a0000000000000,16,10,7187686.80,7018810.5,7018810.5,7018449.7,118505.66,6804562,7239939
1c2041004304300080b130895478124960a03048055020420f40a0000000000000,0,10,1851597.05,1707661.0,1707661,1732910.6,63904.77,1673324,1876109
1c2041004304300080b130895478124960a03048055020420f40a0000000000000,16,10,6894722.40,6727400.0,6727400,6748460.1,100314.89,6626781,6905481
7dbd5b77775d7d75dbb7fdbb76ffb75d7febb7dbedd3b7dfeffafffdffbc7ee73f,0,10,1843292.20,1751331.5,1751331.5,1768404,52676.91,1708847,1867045
7dbd5b77775d7d75dbb7fdbb76ffb75d7febb7dbedd3b7dfeffafffdffbc7ee73f,16,10,29094931.90,28169137.5,28169137.5,28314370.5,480437.77,27829374,29139985
3d3c5b73574d7d74dbb7fdbb56fbb74d7febb6dbadd3b7dfeffaa28dd29010c332,0,10,2327726.70,1814233.0,1814233,1887377.6,291794.49,1705374,2707938
3d3c5b73574d7d74dbb7fdbb56fbb74d7febb6dbadd3b7dfeffaa28dd29010c332,16,10,22791566.25,22298895.5,22298895.5,22370894,256507.75,22164926,23035833
1c204100430c340080b538895678124d60a0305a0551a4424f40a0000000000000,0,10,1875478.25,1734344.0,1734344,1768130.1,70166.98,1691956,1885169
1c204100430c340080b538895678124d60a0305a0551a4424f40a0000000000000,16,10,6908294.00,6767849.5,6767849.5,6778733.9,82502.09,6667198,6981239
1d2c4953570d7c109bb7b99b56f8334d67a9305b2d51b5576f72a2080000000000,0,10,2297467.00,1723913.0,1723913,1838371.5,277580.05,1691911,2597824
1d2c4953570d7c109bb7b99b56f8334d67a9305b2d51b5576f72a2080000000000,16,10,15431887.45,15121381.0,15121381,15162823.6,158425.66,14983697,15482179
3dbc5b73774d7d74dbb7fdbb56fbb75d7febb6dbadd3b7dfeffaa2cdd3901ac332,0,10,1886068.15,1710353.5,1710353.5,1744203.7,87140.14,1670778,1958740
3dbc5b73774d7d74dbb7fdbb56fbb75d7febb6dbadd3b7dfeffaa2cdd3901ac332,16,10,23708516.65,23170945.0,23170945,23235313.8,306694.23,22987663,24073252
c2000004204200080b130005478024120a01040015020400b0080000000000000,0,10,1878565.30,1773569.0,1773569,1775547.3,64585.18,1700485,1918195
c2000004204200080b130005478024120a01040015020400b0080000000000000,16,10,5421362.00,5333897.0,5333897,5331521.2,68893.40,5219600,5429534
3dbd5b77775d7d75dbb7fdbb76fbb75d7febb6dbadd3b7dfeffab3edfb901ec337,0,10,2321390.95,1746055.0,1746055,1846926,281993.95,1685896,2619277
3dbd5b77775d7d75dbb7fdbb76fbb75d7febb6dbadd3b7dfeffab3edfb901ec337,16,10,29021224.90,28340659.0,28340659,28413519.9,387118.76,27784224,29037820
3d2c4b53574d7d34dbb7b99b56f9b34d77abb0dbadd1b5d7eff2a2888200004002,0,10,1907522.90,1733282.0,1733282,1776582.4,76415.16,1722094,1958102
3d2c4b53574d7d34dbb7b99b56f9b34d77abb0dbadd1b5d7eff2a2888200004002,16,10,20639479.40,20243259.5,20243259.5,20278510.4,228543.87,20036851,20833919
1d2c4953570d74109bb7b99956f8334d66a9305b2d51b5576f72a2080000000000,0,10,1869861.45,1757338.0,1757338,1768618.5,65905.63,1685163,1900947
1d2c4953570d74109bb7b99956f8334d66a9305b2d51b5576f72a2080000000000,16,10,15392350.95,15008373.5,15008373.5,15036141.2,210061.51,14771315,15489213
1c284102570d341092b5b88956f8134d66a0305a2551b5466f72a2080000000000,0,10,2286591.90,1798566.5,1798566.5,1879296.2,243748.96,1722685,2537664
1c284102570d341092b5b88956f8134d66a0305a2551b5466f72a2080000000000,16,10,11971461.40,11783021.5,11783021.5,11797087,118288.04,11647040,11991139
1c204100430c341080b5b8895678124d62a0305a2551b5424f42a0000000000000,0,10,1862049.90,1750525.5,1750525.5,1767014.3,57316.06,1709461,1873110
1c204100430c341080b5b8895678124d62a0305a2551b5424f42a0000000000000,16,10,7091231.85,6941252.5,6941252.5,6957500,86126.93,6873518,7171389
3d3c5b73574d7d34dbb7fd9b56f9b74d77ebb6dbadd1b7dfeff2a289d200004012,0,10,1919848.90,1785887.0,1785887,1802164.3,79608.85,1707152,1956901
3d3c5b73574d7d34dbb7fd9b56f9b74d77ebb6dbadd1b7dfeff2a289d200004012,16,10,21917119.95,21458728.5,21458728.5,21519017.6,277655.76,21122168,22009185
1d2c4953570d7c109bb7b99956f8334d66a9305b2d51b5576f72a2080000000000,0,10,2148421.80,1766716.5,1766716.5,1831803.5,207816.09,1703067,2410077
1d2c4953570d7c109bb7b99956f8334d66a9305b2d51b5576f72a2080000000000,16,10,15410607.35,14988346.5,14988346.5,15063210,200828.46,14909700,15581507
1c284102570d341092b5b88956f8134d66a0305a2551b5466f52a2080000000000,0,10,1840864.20,1740326.5,1740326.5,1750957,56540.33,1687059,1848660
1c284102570d341092b5b88956f8134d66a0305a2551b5466f52a2080000000000,16,10,12041164.20,11820650.5,11820650.5,11823289.1,165546.97,11544241,12054468
820000000002000000000000418020020000000014020000b0000000000000000,0,10,1903337.75,1787529.0,1787529,1783869.9,74101.15,1708273,1937279
820000000002000000000000418020020000000014020000b0000000000000000,16,10,2354860.90,1980342.5,1980342.5,2040803.9,187567.73,1931533,2554282
3dbc5b73775d7d75dbb7fdbb56fbb75d7febb6dbadd3b7dfeffaa2cdfb901ec337,0,10,1868499.90,1765508.0,1765508,1771460.2,64533.87,1697683,1894518
3dbc5b73775d7d75dbb7fdbb56fbb75d7febb6dbadd3b7dfeffaa2cdfb901ec337,16,10,28451657.45,27383733.0,27383733,27544940.7,495554.07,27142176,28693928
7dbd5b77775d7d75dbb7fdbb76ffb75d7febb7dbeddbb7dfeffaffffffbf7effff,0,10,1905471.15,1731719.5,1731719.5,1769932.5,82216.35,1698752,1945194
7dbd5b77775d7d75dbb7fdbb76ffb75d7febb7dbeddbb7dfeffaffffffbf7effff,16,10,28322650.50,27947871.5,27947871.5,28031340.7,177356.51,27849164,28372254
1d2c4b53574d7c34dbb7b99b56f9334d77abb0dbad51b5d7eff2a2080000004002,0,10,1876401.15,1737171.0,1737171,1769225.5,61175.05,1718103,1877622
1d2c4b53574d7c34dbb7b99b56f9334d77abb0dbad51b5d7eff2a2080000004002,16,10,19885596.25,19397432.0,19397432,19434361.3,321639.85,18918617,19929757
1d2c4b53574d7c34dbb7b99b56f9b34d77abb0dbad51b5d7eff2a2888000004002,0,10,2336326.00,1797252.5,1797252.5,1885283.7,271376.52,1695042,2609629
1d2c4b53574d7c34dbb7b99b56f9b34d77abb0dbad51b5d7eff2a2888000004002,16,10,19499984.35,19232860.0,19232860,19254483.3,147012.96,19127592,19607605
1c284102570d341092b5b88956f8134d66a0305a2551b5566f72a2080000000000,0,10,1895137.50,1734112.0,1734112,1770970.5,82957.88,1681879,1908642
1c284102570d341092b5b88956f8134d66a0305a2551b5566f72a2080000000000,16,10,12256383.80,11799186.0,11799186,11857167,218976.39,11603806,12264212
1c2040004304300080b130885478124160a01040055020420f40a0000000000000,0,10,1844511.50,1730730.5,1730730.5,1743625.8,65042.52,1662067,1868132
1c2040004304300080b130885478124160a01040055020420f40a0000000000000,16,10,6875745.05,6638385.5,6638385.5,6683713.8,120989.03,6550284,6921794
3d3c5b73574d7d74dbb7fdbb56fbb74d7febb6dbadd3b7dfeff2a28dd29010c332,0,10,1856279.85,1706818.0,1706818,1738234.4,74412.12,1687560,1935555
3d3c5b73574d7d74dbb7fdbb56fbb74d7febb6dbadd3b7dfeff2a28dd29010c332,16,10,22548327.90,22316955.5,22316955.5,22311431,192371.64,21952416,22605270
7dbd5b77775d7d75dbb7fdbb76fbb75d7febb6dbadd3b7dfeffabffdfb983ec33f,0,10,1852928.50,1746486.0,1746486,1767925.4,55489.33,1715093,1876342
7dbd5b77775d7d75dbb7fdbb76fbb75d7febb6dbadd3b7dfeffabffdfb983ec33f,16,10,28286956.95,28007770.0,28007770,28043109.4,134784.53,27933481,28366242
1d2c4953574d7c14dbb7b99b56f9334d67abb0dbad51b557eff2a2080000004002,0,10,2321334.05,1749732.0,1749732,1857292.4,292693.82,1701197,2673617
1d2c4953574d7c14dbb7b99b56f9334d67abb0dbad51b557eff2a2080000004002,16,10,19613182.60,19291575.5,19291575.5,19315155.6,190014.98,19116151,19767133
3dbc5b73574d7d74dbb7fdbb56fbb75d7febb6dbadd3b7dfeffaa28dd39010c332,0,10,1890980.20,1733368.0,1733368,1757433.9,74070.11,1678171,1930366
3dbc5b73574d7d74dbb7fdbb56fbb75d7febb6dbadd3b7dfeffaa28dd39010c332,16,10,23572912.35,23182596.5,23182596.5,23217895.4,231463.56,22921910,23798046
7dbd5b77775d7d75dbb7fdbb76ffb75d7febb7dbedd3b7dfeffaffffffbd7eff3f,0,10,1874669.45,1755002.5,1755002.5,1772880.3,55488.60,1716479,1877126
7dbd5b77775d7d75dbb7fdbb76ffb75d7febb7dbedd3b7dfeffaffffffbd7eff3f,16,10,29014774.65,28192168.5,28192168.5,28318559.5,372338.42,28028484,29024874
3dbc5b73574d7d74dbb7fdbb56fbb75d7febb6dbadd3b7dfeffaa28dd39012c332,0,10,2350389.80,1784158.5,1784158.5,1877498.9,312077.48,1701818,2755316
3dbc5b73574d7d74dbb7fdbb56fbb75d7febb6dbadd3b7dfeffaa28dd39012c332,16,10,23479138.20,23280863.5,23280863.5,23259461.1,179663.90,22983238,23492901
1d2c4112570d74109bb7b98956f8334d66a9305b2551b5576f72a2080000000000,0,10,1835563.85,1734368.0,1734368,1752587.6,52151.92,1707564,1883897
1d2c4112570d74109bb7b98956f8334d66a9305b2551b5576f72a2080000000000,16,10,15452923.05,15023516.0,15023516,15098459,237873.95,14830831,15463683
c2000004204300080b130005478024120a01040015020420f0080000000000000,0,10,1887519.05,1734277.0,1734277,1769277.7,74555.92,1696477,1919087
c2000004204300080b130005478024120a01040015020420f0080000000000000,16,10,5507232.85,5341667.0,5341667,5368585.5,79641.66,5293026,5517352
2000000000000000000000000000000000000000000000080000000000000000,0,10,2199583.90,1725569.5,1725569.5,1803273.8,247980.43,1660611,2497834
2000000000000000000000000000000000000000000000080000000000000000,16,10,2121459.35,1976536.0,1976536,1996588.5,73274.49,1926514,2138837
820000000002000000000000418020120000000014020000b0000000000000000,0,10,1816622.45,1729572.0,1729572,1743096.7,48997.65,1689435,1831760
820000000002000000000000418020120000000014020000b0000000000000000,16,10,3501976.50,3414002.5,3414002.5,3427702.4,42731.44,3386643,3511386
7dbd5b77775d7d75dbb7fdbb76ffb75d7febb7dbeddbb7dfeffaffffffbf7eff7f,0,10,1836828.35,1739748.5,1739748.5,1765335.9,56313.30,1699273,1845008
7dbd5b77775d7d75dbb7fdbb76ffb75d7febb7dbeddbb7dfeffaffffffbf7eff7f,16,10,28981820.30,28008036.5,28008036.5,28131177.7,508811.75,27639993,29160005
c20000000042000000130000458020120a00040014020000b0000000000000000,0,10,1860644.75,1728522.5,1728522.5,1742584.8,70332.38,1668564,1887683
c20000000042000000130000458020120a00040014020000b0000000000000000,16,10,3524696.40,3408060.0,3408060,3430289,73224.65,3347389,3538641
3d3c5b73574d7d74dbb7fdbb56fbb74d7febb6dbadd3b7dfeff2a28dd210104312,0,10,2389859.50,1785615.5,1785615.5,1880782,338759.74,1694268,2834680
3d3c5b73574d7d74dbb7fdbb56fbb74d7febb6dbadd3b7dfeff2a28dd210104312,16,10,22743294.25,22165052.5,22165052.5,22290741.6,251224.09,22054781,22787239
3d3c5b73574d7d74dbb7fdbb56fbb75d7febb6dbadd3b7dfeffaa28dd29010c332,0,10,1866463.00,1750714.5,1750714.5,1771843.8,64419.33,1709509,1886956
3d3c5b73574d7d74dbb7fdbb56fbb75d7febb6dbadd3b7dfeffaa28dd29010c332,16,10,23706058.35,23243926.0,23243926,23309000.4,241154.87,23101368,23946600
3dbc5b73574d7d74dbb7fdbb56fbb75d7febb6dbadd3b7dfeffaa28dd29010c332,0,10,1877736.40,1740826.5,1740826.5,1762805.6,70271.45,1690105,1924981
3dbc5b73574d7d74dbb7fdbb56fbb75d7febb6dbadd3b7dfeffaa28dd29010c332,16,10,23474108.95,23296401.0,23296401,23256813.9,165710.04,23036591,23526466
1c284102570d341092b5b88956f8124d62a0305a2551b5426f42a0000000000000,0,10,1896197.60,1780143.5,1780143.5,1791598,64340.87,1721973,1916984
1c284102570d341092b5b88956f8124d62a0305a2551b5426f42a0000000000000,16,10,12240457.55,11963733.0,11963733,11997988.9,188150.20,11746217,12287573
c2000004204200080b130004478024120a01040015020400b0080000000000000,0,10,2279781.15,1723535.5,1723535.5,1822448.9,299458.75,1699700,2670513
c2000004204200080b130004478024120a01040015020400b0080000000000000,16,10,5400207.70,5336150.0,5336150,5346481.1,39627.31,5287300,5404129
3d2c4b53574d7d34dbb7b99b56f9b34d77abb0dbadd1b5d7eff2a2888000004002,0,10,1858701.80,1759163.5,1759163.5,1772724,55830.46,1704005,1882595
3d2c4b53574d7d34dbb7b99b56f9b34d77abb0dbadd1b5d7eff2a2888000004002,16,10,20392408.70,20190889.0,20190889,20226115.4,100538.57,20124388,20469761
82000000000200000000000001800000000000000000000080000000000000000,0,10,1858647.30,1744273.5,1744273.5,1758149,63685.35,1686677,1891122
82000000000200000000000001800000000000000000000080000000000000000,16,10,2114263.50,1974143.5,1974143.5,1994059.4,75142.49,1920801,2171913
1c2040004304300080b130885478124160a01048055020420f40a0000000000000,0,10,1912380.00,1744517.5,1744517.5,1774208.2,88512.85,1683639,1994613
1c2040004304300080b130885478124160a01048055020420f40a0000000000000,16,10,6998357.10,6705623.0,6705623,6734123.4,161229.75,6574644,7142709
82000000000200000000000000000000000000000000000080000000000000000,0,10,1855360.60,1756616.0,1756616,1757920.3,63744.21,1697240,1912579
82000000000200000000000000000000000000000000000080000000000000000,16,10,2026099.25,1988751.5,1988751.5,1983884.7,34571.99,1921872,2040533
1c2000004204300080b130085478024160a01040055020420f00a0000000000000,0,10,1825551.55,1727549.0,1727549,1734174.3,56391.85,1660775,1830727
1c2000004204300080b130085478024160a01040055020420f00a0000000000000,16,10,6734637.35,6621370.5,6621370.5,6640351.5,64210.45,6538090,6735284
7dbd5b77775d7d75dbb7fdbb76ffb75d7febb7dbedd3b7dfeffaffffffbd7ee73f,0,10,1863400.85,1753677.5,1753677.5,1770744.7,57257.20,1705363,1878866
7dbd5b77775d7d75dbb7fdbb76ffb75d7febb7dbedd3b7dfeffaffffffbd7ee73f,16,10,28836380.15,28269419.0,28269419,28401681.6,318983.99,28034272,28855493
1d2c4953574d7c14dbb7b99b56f9334d67abb0dbad51b557eff2a2080000004000,0,10,2321408.15,1818876.5,1818876.5,1887083.9,267579.11,1728304,2624723
1d2c4953574d7c14dbb7b99b56f9334d67abb0dbad51b557eff2a2080000004000,16,10,20097169.50,19280161.5,19280161.5,19395912.8,379283.42,19056818,20163918
1c284102570d341092b5b88956f8134d62a0305a2551b5426f52a2080000000000,0,10,1827968.30,1750007.0,1750007,1756890.3,52915.81,1699130,1834829
1c284102570d341092b5b88956f8134d62a0305a2551b5426f52a2080000000000,16,10,11904514.05,11693717.0,11693717,11716438.7,130480.85,11483456,11974575
1d2c4953574d7c109bb7b99b56f8334d67a9305bad51b5576ff2a2080000000000,0,10,1900100.00,1763615.0,1763615,1778231.7,75042.22,1718332,1974602
1d2c4953574d7c109bb7b99b56f8334d67a9305bad51b5576ff2a2080000000000,16,10,17189467.20,16745468.0,16745468,16759901.1,256769.10,16407799,17294607
7dbd5b77775d7d75dbb7fdbb76ffb75d7febb7dbedd3b7dfeffaffffffbf7eff3f,0,10,2455429.75,1754269.0,1754269,1876587.8,377207.95,1670929,2935870
7dbd5b77775d7d75dbb7fdbb76ffb75d7febb7dbedd3b7dfeffaffffffbf7eff3f,16,10,28952544.30,28044018.5,28044018.5,28195107.1,415630.52,27867709,29005062
82000000000200000000000001800002000000000002000080000000000000000,0,10,1884829.55,1721155.0,1721155,1764155.3,79791.43,1692978,1916177
82000000000200000000000001800002000000000002000080000000000000000,16,10,2098931.95,2001996.5,2001996.5,2003992.1,61532.68,1938755,2109124
1d2c4953574d7c10dbb7b99b56f9334d67a930dbad51b557eff2a2080000000000,0,10,1861760.35,1737888.5,1737888.5,1753769.1,59907.59,1691545,1879300
1d2c4953574d7c10dbb7b99b56f9334d67a930dbad51b557eff2a2080000000000,16,10,17107771.20,16658673.5,16658673.5,16741337.3,228383.75,16484645,17121687
3dbd5b77775d7d75dbb7fdbb76fbb75d7febb6dbadd3b7dfeffab7fdfb981ec337,0,10,2232908.20,1712839.5,1712839.5,1806175.5,282583.58,1680678,2604727
3dbd5b77775d7d75dbb7fdbb76fbb75d7febb6dbadd3b7dfeffab7fdfb981ec337,16,10,28752522.45,28187922.5,28187922.5,28224616.4,339183.81,27846929,28996035
3dbc5b77775d7d75dbb7fdbb76fbb75d7febb6dbadd3b7dfeffaa3edfb901ec337,0,10,1866997.00,1784233.5,1784233.5,1782928.6,56591.66,1714846,1892989
3dbc5b77775d7d75dbb7fdbb76fbb75d7febb6dbadd3b7dfeffaa3edfb901ec337,16,10,28889905.25,28192853.5,28192853.5,28360305,370970.27,27920264,28961003
1c284102570d341092b5b88956f8124d62a0305a2551b5426f52a0000000000000,0,10,1845347.05,1739710.0,1739710,1749879.8,58879.64,1679889,1857673
1c284102570d341092b5b88956f8124d62a0305a2551b5426f52a0000000000000,16,10,11953829.65,11758073.0,11758073,11778834.8,117441.47,11637184,12010279
7dbd5b77775d7d75dbb7fdbb76ffb75d7febb7dbedd3b7dfeffaffffffbf7eff7f,0,10,2210865.65,1735353.5,1735353.5,1820558.7,243605.16,1702174,2499812
7dbd5b77775d7d75dbb7fdbb76ffb75d7febb7dbedd3b7dfeffaffffffbf7eff7f,16,10,29029736.85,27934326.5,27934326.5,28176382,509670.38,27765214,29059197
3d3c5b73574d7d34dbb7fd9b56f9b74d7febb6dbadd1b7dfeff2a289d200004012,0,10,1848711.80,1766465.0,1766465,1773028.2,50330.67,1711279,1892243
3d3c5b73574d7d34dbb7fd9b56f9b74d7febb6dbadd1b7dfeff2a289d200004012,16,10,21425710.00,21111215.0,21111215,21132014.8,193742.89,20853540,21535330
3d2c5b73574d7d34dbb7bd9b56f9b74d77ebb6dbadd1b7dfeff2a289d200004012,0,10,1858336.70,1752830.0,1752830,1768778.1,54057.04,1697497,1890509
3d2c5b73574d7d34dbb7bd9b56f9b74d77ebb6dbadd1b7dfeff2a289d200004012,16,10,22090810.85,21208782.0,21208782,21364063.9,392896.83,21057114,22143617
